alerts_15m,error_rate,p95_latency_ms,cpu_pct,mem_pct,disk_pct,user_reports_30m,vip_involved,after_hours,change_window,clinical_system,integration_related,vendor_dependency,affected_services,est_users_impacted,needs_escalation
4,0.3386,370.0,74.9,58.0,40.2,0,0,0,0,0,0,0,1,42.0,1
3,,358.0,,64.0,65.7,1,0,0,0,0,1,0,0,10.0,1
3,0.3375,289.0,86.0,80.6,,0,0,0,0,0,0,0,0,35.0,1
2,0.237,121.0,51.7,63.4,45.6,0,0,0,1,1,1,0,2,20.0,1
1,,196.0,28.7,46.6,29.7,5,0,0,1,0,1,0,0,20.0,1
6,0.1606,244.0,44.4,71.6,59.2,0,0,0,0,0,0,0,0,16.0,0
1,0.1619,221.0,52.2,45.5,87.8,0,0,0,0,0,1,1,0,83.0,0
0,0.253,282.0,33.9,57.5,60.1,0,0,0,0,0,1,1,2,43.0,1
1,0.258,604.0,81.7,35.6,72.3,1,0,0,0,1,0,0,1,93.0,1
3,0.0762,449.0,82.3,39.5,99.6,0,0,0,0,0,0,0,2,316.0,1
1,0.1392,160.0,60.6,55.8,68.5,1,0,0,0,1,0,1,0,31.0,0
1,0.4158,401.0,51.8,60.5,49.8,0,0,0,0,1,0,0,1,112.0,0
2,0.2378,400.0,28.7,29.5,52.0,0,0,0,1,0,0,0,0,14.0,1
5,0.125,192.0,79.8,62.5,62.0,1,0,0,0,0,0,0,2,85.0,1
2,0.8317,449.0,53.4,42.7,51.9,0,0,0,0,0,0,1,1,14.0,1
1,0.211,253.0,46.8,74.2,53.1,0,0,1,0,1,0,0,2,38.0,0
5,0.3367,138.0,60.7,49.7,77.8,1,0,1,1,0,1,0,3,54.0,1
1,0.2671,354.0,41.5,38.1,78.4,0,0,0,0,0,0,1,1,48.0,1
4,0.2097,,54.6,56.1,35.6,2,0,1,0,0,0,0,1,10.0,0
2,0.1526,248.0,26.0,41.3,48.9,0,0,0,0,1,0,0,2,,0
0,0.6485,,71.6,74.0,54.6,0,0,0,0,0,0,1,2,51.0,1
1,0.3722,186.0,50.1,55.0,71.6,1,0,0,0,0,0,0,3,26.0,1
2,0.3577,394.0,72.9,52.7,80.3,3,0,0,0,0,0,0,0,8.0,1
0,0.2772,264.0,,63.9,100.0,3,0,0,0,1,0,1,1,32.0,0
1,0.1235,302.0,49.5,39.9,54.5,3,0,0,0,1,0,0,0,27.0,0
4,0.5182,357.0,30.2,35.7,55.3,1,0,1,0,0,0,0,2,,1
2,0.1432,149.0,65.7,61.1,71.4,2,0,0,0,0,0,0,1,42.0,1
0,0.2359,165.0,36.2,38.5,51.1,0,0,0,0,0,0,1,1,40.0,0
2,0.0924,83.0,33.2,38.5,59.7,0,0,0,0,0,0,1,1,,0
1,0.0698,376.0,42.0,67.6,55.4,2,0,0,0,0,0,0,1,20.0,0
3,0.288,147.0,54.2,62.9,20.1,0,0,0,1,0,0,0,2,66.0,1
2,0.1459,303.0,21.3,36.2,64.0,2,0,0,0,1,0,0,2,,1
2,0.0762,345.0,37.8,45.7,59.1,0,0,0,0,0,0,0,3,26.0,0
4,0.3455,408.0,66.3,41.4,82.3,0,0,0,0,0,1,0,1,,0
2,0.7306,145.0,45.2,,62.1,0,0,0,0,0,0,0,0,24.0,1
2,0.4888,272.0,48.0,68.6,41.9,1,0,1,0,0,0,0,1,36.0,1
2,0.1976,705.0,54.9,48.7,57.9,1,0,1,0,0,1,0,1,6.0,1
5,0.2739,767.0,49.7,63.6,,0,0,0,0,0,0,0,0,10.0,1
1,,475.0,33.5,,,0,0,0,0,0,1,0,2,10.0,1
1,0.3974,332.0,51.3,,72.2,0,0,1,0,0,0,0,1,52.0,1
2,0.1884,162.0,69.9,56.6,58.0,0,0,1,0,1,0,0,0,6.0,1
0,0.2057,402.0,33.1,61.8,76.8,1,0,0,0,1,1,1,3,40.0,1
1,0.2529,253.0,45.3,53.5,30.5,1,0,0,0,0,1,1,2,55.0,1
3,,391.0,27.1,58.7,,0,0,1,0,0,0,0,0,29.0,0
0,0.1876,191.0,68.9,56.2,54.4,0,0,0,0,0,0,0,0,,0
3,0.2263,261.0,50.3,52.5,,1,1,1,0,1,0,0,2,50.0,1
4,0.5482,321.0,36.7,50.6,72.8,1,0,0,0,1,0,0,0,69.0,0
1,0.417,316.0,53.7,48.6,72.3,2,0,0,1,0,1,0,0,23.0,0
2,,369.0,30.3,58.5,86.7,0,0,1,0,0,0,0,3,6.0,1
2,0.586,205.0,33.4,61.2,56.1,0,0,1,0,0,1,0,1,69.0,1
1,0.1733,132.0,25.7,58.0,83.4,0,1,0,1,0,0,0,1,38.0,0
3,0.5902,702.0,32.8,37.3,45.3,1,0,1,1,0,0,0,2,30.0,0
1,,1085.0,76.4,48.0,44.7,1,0,1,0,0,0,0,3,7.0,0
2,,360.0,38.8,61.0,74.0,0,0,0,1,0,0,0,0,,1
4,0.1332,141.0,60.4,77.1,37.9,1,0,1,0,0,0,0,1,14.0,0
3,0.1654,188.0,36.9,57.3,71.2,1,0,0,1,0,0,1,1,10.0,1
2,0.2866,372.0,65.7,48.8,63.6,0,0,0,0,0,1,0,3,32.0,0
7,0.3823,650.0,33.5,58.4,79.1,0,1,1,0,1,1,0,3,28.0,1
3,0.7065,147.0,52.7,37.9,61.0,2,0,0,1,0,1,0,0,17.0,1
3,0.1674,268.0,53.0,74.6,62.9,0,0,1,0,0,0,0,2,56.0,1
1,0.3526,307.0,93.9,57.8,70.1,1,0,0,1,1,0,0,1,41.0,1
1,0.4063,444.0,63.3,45.0,51.4,2,1,0,0,0,0,0,1,19.0,1
2,0.3354,233.0,41.3,52.5,50.7,0,0,0,0,0,0,0,0,15.0,0
4,0.1513,124.0,64.3,47.1,69.6,2,0,0,1,0,0,1,2,22.0,0
0,0.4379,381.0,,74.7,61.5,1,0,1,0,0,1,0,0,20.0,1
1,0.4215,512.0,22.7,52.0,55.5,1,0,0,1,1,0,0,0,,1
1,0.2981,264.0,36.8,57.3,60.7,1,0,0,1,0,1,0,1,,1
3,0.2705,359.0,47.7,63.6,87.5,0,0,0,0,0,0,0,3,113.0,1
3,0.2737,221.0,44.5,43.9,54.9,1,0,0,0,0,0,0,4,,0
2,0.218,177.0,46.0,57.9,54.4,1,0,0,0,1,0,1,0,,1
2,0.3238,495.0,28.5,59.1,34.7,1,0,1,0,1,1,0,3,46.0,1
3,0.2459,355.0,77.3,31.7,61.3,0,0,0,0,0,0,0,1,64.0,1
2,,369.0,26.4,58.8,72.5,1,0,0,0,0,0,0,0,33.0,1
1,0.1204,630.0,,54.3,75.4,0,0,0,0,0,0,0,1,20.0,0
6,0.1914,171.0,70.8,56.9,63.7,0,0,0,0,0,1,0,0,23.0,0
0,0.2281,200.0,51.5,55.5,77.3,1,0,0,0,0,0,0,2,36.0,1
3,0.2382,313.0,34.4,58.9,73.7,2,1,0,0,0,0,0,0,45.0,1
4,0.2889,215.0,27.7,,79.8,0,0,0,0,0,0,0,0,8.0,0
3,0.3184,442.0,47.9,37.3,77.7,0,0,0,0,1,0,0,2,23.0,1
1,0.1518,249.0,38.4,49.9,87.1,0,0,0,0,0,0,0,4,147.0,0
2,0.5097,,55.7,65.0,59.3,1,0,1,0,0,0,0,2,32.0,1
0,0.1743,280.0,26.8,62.2,40.8,0,1,0,0,1,1,0,2,129.0,1
1,0.1689,303.0,66.6,61.9,72.6,0,0,1,1,0,0,0,2,340.0,1
2,0.2968,471.0,54.1,96.3,74.5,0,0,0,0,0,1,0,1,19.0,1
2,0.0829,349.0,45.4,64.2,87.1,0,0,0,0,0,0,0,0,9.0,1
1,0.1388,356.0,77.9,72.0,82.5,1,0,1,1,0,0,0,3,28.0,0
0,0.3463,323.0,44.1,50.4,93.1,0,0,0,1,0,0,0,3,85.0,1
0,0.0776,244.0,28.9,40.1,71.9,0,0,0,0,0,0,0,2,84.0,0
1,0.3964,186.0,42.1,50.3,65.7,0,0,0,1,0,0,0,0,151.0,1
3,0.555,337.0,48.5,65.7,39.8,0,1,1,0,0,1,0,0,24.0,1
3,0.1973,,50.4,61.1,66.9,0,0,0,0,1,0,0,3,,0
1,0.2517,699.0,37.0,61.0,53.2,0,0,1,0,0,0,0,3,20.0,1
2,0.4213,589.0,15.6,51.8,65.4,0,0,0,0,0,0,0,2,4.0,0
0,0.1562,383.0,41.9,,62.9,1,0,0,1,0,1,0,3,34.0,1
2,0.3669,347.0,58.5,52.3,69.5,0,0,0,1,0,1,0,4,16.0,1
1,0.1482,263.0,54.5,65.9,60.4,1,0,0,1,0,0,0,1,46.0,1
1,0.1649,138.0,,67.6,77.0,2,0,1,0,0,1,0,2,7.0,1
7,0.198,276.0,87.2,39.9,18.4,0,0,0,0,0,0,0,2,17.0,1
3,0.2918,304.0,65.7,66.4,65.0,1,0,1,0,0,0,0,2,39.0,0
2,0.4304,319.0,76.9,45.2,81.2,0,0,0,0,0,1,0,2,42.0,1
1,0.1937,357.0,65.8,62.0,91.9,1,0,0,0,1,0,0,0,29.0,0
1,0.1065,458.0,82.8,52.1,,3,0,0,1,0,0,1,1,123.0,1
2,0.1255,192.0,85.3,78.5,89.0,1,0,1,1,1,1,1,0,105.0,1
2,,193.0,69.1,48.7,64.7,4,0,0,0,0,0,0,2,18.0,1
4,0.7077,651.0,64.7,57.7,62.0,0,0,0,1,0,0,1,1,100.0,1
5,0.3384,457.0,48.3,64.1,70.5,1,0,1,1,0,0,0,4,162.0,1
2,0.184,227.0,51.3,41.9,61.9,0,0,0,0,1,0,0,3,,0
2,0.3469,265.0,45.9,53.9,49.5,0,0,0,0,0,0,1,3,36.0,0
0,0.177,256.0,63.2,51.0,53.8,1,0,1,1,1,0,0,0,29.0,0
1,0.1741,281.0,39.0,47.3,44.2,0,0,0,0,0,1,0,2,19.0,0
3,0.1427,372.0,,48.4,70.5,0,0,0,0,0,0,0,1,18.0,0
4,0.5569,1181.0,9.6,79.7,62.2,0,1,0,0,1,0,0,2,109.0,0
1,0.053,,73.0,46.0,,0,0,1,0,1,0,1,1,48.0,0
1,0.3325,397.0,48.0,63.5,52.9,0,0,0,0,1,0,0,0,19.0,1
3,0.1873,114.0,60.2,59.7,70.1,1,0,1,0,0,0,0,1,13.0,0
5,0.2175,229.0,78.2,34.0,74.5,0,0,1,0,1,0,0,2,21.0,1
1,0.5438,542.0,57.4,62.8,43.9,0,0,0,0,0,0,0,2,27.0,1
4,0.1733,366.0,78.0,33.8,41.4,1,0,0,0,1,0,0,1,70.0,1
3,0.1663,50.0,29.6,64.4,77.3,0,0,1,0,1,0,1,1,17.0,1
1,0.1995,400.0,95.2,47.4,40.0,0,0,0,0,0,0,0,1,57.0,1
2,0.2858,,71.6,,70.8,1,0,0,0,0,0,1,1,32.0,1
5,0.2137,100.0,55.8,35.6,,4,1,0,1,0,1,0,1,31.0,1
4,0.108,676.0,77.7,56.8,87.9,0,0,1,0,1,0,0,0,68.0,1
2,0.1414,,31.0,,73.8,0,0,0,0,1,0,0,0,59.0,1
2,0.4606,471.0,46.8,42.9,73.3,0,0,0,0,1,0,0,0,10.0,1
2,0.2372,280.0,78.0,45.9,98.0,0,0,0,0,1,0,1,2,16.0,1
2,,,18.4,61.8,24.6,1,0,0,0,0,0,0,2,26.0,1
2,,360.0,62.1,62.2,54.6,0,1,1,0,1,0,0,2,51.0,1
4,0.1786,552.0,61.6,18.5,75.6,1,0,0,1,0,1,1,5,133.0,1
3,0.6081,351.0,87.4,85.2,56.6,0,0,1,1,0,0,0,3,37.0,1
1,0.1933,381.0,23.5,62.9,81.8,0,0,1,0,0,0,0,0,96.0,0
1,0.168,220.0,81.0,65.5,61.4,1,0,0,0,0,0,0,0,14.0,0
3,0.4417,103.0,41.9,52.8,64.1,1,0,1,1,0,0,0,0,16.0,1
0,0.1357,396.0,44.0,27.2,57.6,0,0,1,1,1,0,0,2,,0
0,0.1456,708.0,30.0,65.1,,1,0,1,1,0,0,0,1,,0
0,0.203,503.0,32.4,46.5,53.2,0,0,1,1,1,0,0,2,96.0,1
3,0.2417,96.0,59.3,63.2,66.3,0,1,0,1,0,0,0,2,3.0,0
0,0.2329,118.0,32.0,51.7,49.6,0,0,1,1,1,1,0,2,25.0,1
5,0.8611,188.0,65.3,58.6,77.3,1,0,0,0,0,0,0,1,69.0,1
1,0.2579,115.0,40.1,43.4,72.5,2,0,1,1,1,1,0,3,33.0,1
4,,300.0,20.2,68.0,79.6,0,0,0,0,0,0,0,2,74.0,0
2,0.2724,349.0,42.5,37.2,43.9,1,0,0,0,0,0,0,1,160.0,0
3,0.2468,131.0,58.1,88.7,34.8,1,0,1,0,0,0,0,2,33.0,0
1,0.2196,423.0,47.0,88.6,61.9,2,0,0,0,0,0,0,3,90.0,0
2,0.2606,,52.6,79.5,100.0,2,0,0,0,0,0,0,2,216.0,1
0,0.1987,200.0,64.5,74.1,82.3,0,0,1,0,0,1,0,0,34.0,0
2,0.2211,256.0,71.5,53.7,53.1,0,0,1,0,0,1,1,3,34.0,0
3,0.3386,,46.4,72.5,68.8,0,0,0,0,1,0,0,0,62.0,0
4,0.1905,244.0,33.2,53.6,73.6,1,0,1,0,0,0,1,2,80.0,0
2,0.1352,283.0,53.4,31.7,40.1,0,0,1,0,0,0,1,2,30.0,0
2,1.0,309.0,60.5,77.5,83.9,1,0,1,0,0,1,0,3,24.0,0
1,0.1446,340.0,25.7,71.9,59.3,1,0,0,0,0,0,1,0,97.0,0
2,0.2405,,36.0,54.5,60.5,1,0,0,0,0,0,0,2,25.0,1
2,0.1,243.0,29.1,36.6,62.4,1,0,1,0,0,0,0,1,72.0,0
2,0.2427,329.0,48.3,46.2,80.3,0,0,1,0,0,0,0,2,38.0,1
0,0.1208,469.0,38.3,27.7,49.9,0,0,0,0,0,0,0,2,135.0,0
2,0.1785,267.0,64.7,69.2,34.7,0,0,0,1,0,0,0,1,14.0,1
4,0.456,349.0,23.1,,67.2,1,0,0,0,0,0,0,0,12.0,0
3,0.3134,259.0,23.6,59.3,29.3,0,0,1,1,0,0,0,1,55.0,1
3,0.3304,201.0,46.0,,57.2,0,0,1,0,0,0,0,0,10.0,1
5,0.1029,398.0,48.8,33.6,81.0,1,1,0,0,1,0,0,2,42.0,1
2,0.6252,207.0,25.8,58.6,71.3,0,0,0,1,0,0,1,3,121.0,1
0,0.1048,,41.1,50.0,78.7,3,0,0,0,0,0,0,1,7.0,0
1,0.4969,280.0,44.8,67.6,71.9,0,0,1,0,0,0,0,2,,0
1,0.376,233.0,44.9,,100.0,2,0,0,0,1,1,0,2,100.0,1
1,0.2945,230.0,54.7,,,0,0,0,0,0,0,0,0,24.0,1
1,0.134,,40.1,19.2,68.4,0,0,0,0,0,0,1,1,13.0,0
3,0.2627,,78.6,22.2,55.0,1,0,1,0,1,0,0,0,24.0,0
1,0.1655,341.0,60.8,82.0,77.3,1,0,0,0,0,1,0,0,13.0,0
4,,333.0,37.5,86.3,61.0,1,0,0,0,0,0,0,2,,0
4,,467.0,53.7,56.4,89.5,0,0,0,0,0,0,0,1,22.0,0
1,0.0699,206.0,,42.6,53.5,0,0,1,1,0,0,0,0,16.0,0
1,0.3973,782.0,73.9,50.5,84.5,2,0,0,1,1,0,1,3,62.0,1
5,0.2606,243.0,41.2,68.1,71.5,2,0,0,0,0,1,0,1,98.0,1
2,0.1744,,65.8,47.3,61.5,3,0,0,0,0,0,0,2,41.0,0
3,,166.0,52.8,58.6,70.7,1,0,0,0,0,0,0,0,72.0,0
2,0.2772,108.0,78.8,54.8,66.2,0,0,1,0,1,0,0,2,135.0,1
1,0.1311,,75.2,46.5,,2,0,1,1,0,1,0,0,15.0,1
3,0.0699,610.0,,47.1,58.7,0,0,0,0,0,1,0,1,34.0,0
3,0.3024,400.0,47.3,59.4,50.8,1,1,1,0,1,0,0,2,27.0,1
2,0.3029,172.0,61.1,40.3,56.6,0,0,0,0,0,0,1,1,8.0,0
2,0.204,762.0,48.8,,35.1,2,0,1,0,1,0,0,1,45.0,0
6,0.1539,251.0,82.2,47.9,75.5,1,0,0,0,1,0,0,1,15.0,0
3,0.2538,248.0,,56.9,42.2,0,0,0,1,0,1,0,1,41.0,0
0,0.0902,596.0,,75.8,58.5,2,0,1,0,1,0,0,1,,1
3,0.1374,413.0,43.7,52.5,72.4,0,0,1,0,1,0,0,2,44.0,0
1,0.1419,926.0,,76.8,75.4,0,0,1,1,0,1,0,0,7.0,0
0,0.3212,310.0,62.0,28.1,33.6,0,0,1,0,0,0,1,0,42.0,1
3,0.198,231.0,37.2,47.9,60.5,0,0,1,0,1,0,0,1,25.0,1
0,0.1578,,71.8,55.4,69.4,0,0,1,0,0,1,1,3,24.0,1
4,0.7521,106.0,,83.8,62.8,1,0,0,0,0,0,1,0,,1
7,,267.0,54.3,25.6,83.5,2,0,0,0,0,0,0,0,19.0,0
6,0.3487,572.0,72.7,53.6,48.9,1,0,1,0,1,0,0,0,33.0,1
3,0.1972,399.0,13.3,76.9,29.2,0,0,0,0,1,0,0,1,29.0,0
0,0.1454,273.0,88.3,43.2,75.0,1,0,1,0,1,0,0,0,45.0,1
5,0.0819,173.0,34.3,51.8,,0,0,0,0,0,0,0,0,57.0,0
1,0.3652,313.0,54.5,60.0,33.9,0,0,0,1,1,0,0,1,66.0,1
4,0.3284,511.0,62.3,57.8,59.5,1,0,0,0,0,0,0,2,21.0,1
1,0.1943,350.0,65.1,78.5,81.7,1,0,1,0,0,0,1,1,73.0,1
0,0.1872,,56.9,61.7,41.8,1,0,0,0,0,0,1,1,13.0,1
6,,197.0,70.0,74.9,99.4,2,0,1,0,0,0,0,1,15.0,1
3,0.1028,,61.3,49.6,48.6,0,0,0,0,0,0,1,0,22.0,1
2,0.1646,,83.7,43.9,63.4,2,0,0,0,0,0,0,3,81.0,0
3,0.1294,354.0,,51.6,42.5,0,0,1,0,0,0,0,2,12.0,1
3,0.6404,,87.4,45.6,62.7,0,0,0,1,0,0,0,2,64.0,1
2,0.3685,123.0,68.2,62.3,59.9,0,0,1,0,0,1,0,0,23.0,0
2,0.0678,,,49.2,38.2,0,0,0,1,0,0,0,1,,0
4,0.1116,292.0,99.0,44.9,100.0,0,0,0,0,0,1,0,1,67.0,0
1,,,41.7,62.5,54.1,0,0,0,0,0,0,0,1,15.0,0
4,,518.0,78.9,37.8,54.1,3,0,1,0,0,0,1,0,153.0,0
2,0.1099,365.0,52.5,,77.5,1,0,0,0,0,0,0,3,31.0,1
1,0.6248,300.0,,47.8,91.0,1,0,0,0,1,0,0,1,38.0,1
1,0.2546,428.0,39.6,72.4,80.0,2,1,1,0,1,1,0,3,148.0,1
2,0.2956,284.0,63.3,49.1,42.8,0,0,1,0,0,0,0,2,36.0,0
4,0.1754,1684.0,47.4,72.5,,1,0,1,1,0,0,0,2,81.0,1
2,0.3387,306.0,80.4,57.7,31.9,0,0,1,1,0,1,0,2,7.0,1
5,0.2211,333.0,59.9,66.2,76.4,0,1,0,0,1,1,0,1,,1
1,0.1834,108.0,68.8,56.6,35.8,0,0,0,1,0,1,1,0,34.0,1
2,0.3186,209.0,13.0,30.0,49.1,1,0,1,0,1,0,0,1,80.0,1
4,0.1048,551.0,50.5,70.1,61.9,0,0,1,0,1,0,0,1,63.0,0
5,0.656,143.0,59.4,53.7,69.1,2,0,1,0,0,0,0,3,60.0,1
1,0.237,84.0,56.0,66.8,57.8,1,0,1,0,0,0,1,1,,1
4,0.5192,,69.3,65.4,,1,0,1,0,0,0,0,1,40.0,1
1,0.1187,586.0,45.4,43.4,73.6,1,0,0,0,0,0,1,4,7.0,0
0,0.1215,277.0,52.9,41.3,72.3,1,0,0,1,0,0,0,1,88.0,1
1,0.1131,229.0,73.3,64.8,42.3,1,0,1,0,1,0,0,0,15.0,1
2,0.2612,101.0,11.0,50.5,89.2,0,0,0,0,0,0,0,4,51.0,0
0,0.2094,347.0,,69.0,49.2,2,0,0,0,1,0,0,1,39.0,1
1,0.1661,397.0,46.0,52.3,89.8,0,0,0,0,0,1,0,0,25.0,1
0,0.1156,101.0,35.6,70.4,,0,1,0,0,0,0,0,3,15.0,0
2,0.1134,525.0,58.1,61.3,70.2,1,0,1,0,1,0,0,5,12.0,1
2,0.2216,429.0,74.1,59.3,,0,0,1,0,1,0,1,2,17.0,0
1,0.1659,514.0,70.7,49.4,12.7,1,0,0,0,0,0,0,1,54.0,0
0,0.1385,373.0,49.6,58.5,58.9,0,0,0,0,0,0,0,0,8.0,1
2,0.5331,403.0,67.8,72.9,,1,0,0,0,0,1,0,0,,0
3,0.231,382.0,67.6,54.2,76.8,2,0,1,1,0,0,1,4,,1
1,0.4311,445.0,,63.0,42.5,2,0,0,0,1,0,0,2,17.0,1
2,0.1698,104.0,39.5,55.7,,1,0,0,1,0,1,1,2,20.0,1
2,0.2604,123.0,40.6,56.9,21.4,0,0,0,0,0,0,0,1,30.0,1
2,0.2208,188.0,67.1,80.9,68.6,1,0,0,0,1,0,0,2,48.0,1
0,0.0794,252.0,41.2,73.0,31.9,0,0,0,0,0,0,1,2,13.0,0
2,0.4994,348.0,33.2,56.2,80.1,1,0,1,1,1,0,0,4,54.0,1
1,0.199,330.0,21.7,58.2,80.9,3,1,0,0,0,0,0,1,,1
0,,500.0,67.0,44.5,54.4,0,0,0,0,0,0,0,0,9.0,0
2,0.1505,529.0,42.2,52.4,70.3,1,0,0,1,0,0,1,3,42.0,1
2,0.2079,174.0,57.9,59.6,58.5,1,0,0,0,0,0,0,3,20.0,0
2,0.1413,321.0,74.3,,,0,0,0,0,1,0,0,1,37.0,1
4,,184.0,28.4,66.2,43.6,0,0,1,0,0,0,0,0,44.0,0
4,0.3046,264.0,,38.4,72.0,1,0,0,0,0,0,0,1,24.0,0
2,0.2786,,48.9,69.7,35.7,2,0,1,0,0,0,0,3,73.0,1
2,0.4805,50.0,58.8,53.7,32.7,1,0,0,0,0,0,0,0,46.0,1
0,0.3814,1019.0,74.3,48.2,60.0,0,0,1,0,0,0,0,0,51.0,0
1,0.3266,377.0,,,58.6,2,0,0,0,0,1,0,0,34.0,0
2,0.1041,203.0,62.3,76.9,66.4,2,0,0,0,0,0,0,1,67.0,0
4,0.1751,,70.6,67.0,51.6,0,0,0,0,1,0,0,2,52.0,1
1,0.1234,228.0,48.6,65.6,92.2,0,0,0,0,0,0,0,2,8.0,1
1,0.3199,297.0,49.5,66.5,,0,0,0,1,0,0,0,1,15.0,0
1,0.2355,211.0,59.5,,65.7,1,0,1,1,0,0,0,1,23.0,1
0,0.094,671.0,48.2,65.9,65.2,0,0,0,0,1,0,0,4,45.0,0
2,0.2052,266.0,,35.1,78.0,3,0,1,1,0,0,0,2,42.0,0
4,0.1128,318.0,62.1,85.1,71.2,2,0,1,0,0,0,1,0,13.0,1
0,0.1961,,34.3,71.0,69.1,0,0,0,1,0,0,0,0,122.0,1
3,0.0973,396.0,59.8,47.4,,0,0,1,0,0,0,0,0,23.0,0
0,0.2701,262.0,73.0,,32.8,1,0,0,0,0,0,1,1,27.0,0
3,,529.0,,62.6,33.4,1,0,0,0,0,0,0,1,16.0,0
3,0.6903,1160.0,25.1,58.8,60.8,0,0,0,1,1,0,0,1,,0
5,0.4345,,49.9,59.9,58.8,0,0,1,0,0,1,0,1,25.0,0
0,0.16,288.0,55.5,66.2,71.3,3,0,0,1,1,0,0,4,50.0,1
3,0.3791,315.0,31.4,46.5,62.3,0,0,0,0,0,0,0,1,26.0,1
3,0.1121,590.0,45.5,38.3,71.3,0,0,1,0,0,1,0,0,92.0,0
2,0.1341,202.0,26.6,60.8,,0,0,0,0,0,0,0,0,22.0,0
3,0.2903,246.0,,47.0,61.8,0,0,0,0,0,0,0,1,26.0,1
4,0.0783,126.0,45.0,57.2,40.5,2,0,0,0,1,0,1,0,58.0,1
3,0.2368,150.0,22.4,34.9,68.2,0,0,1,0,0,0,0,3,31.0,0
3,0.1379,,58.3,51.2,31.9,0,1,0,0,1,0,0,0,,0
2,0.2407,273.0,51.0,65.7,67.6,1,0,0,0,0,1,1,1,10.0,0
4,0.1419,775.0,,64.1,38.5,0,0,1,0,0,0,0,1,,1
3,0.3052,386.0,45.0,43.2,55.9,1,0,1,0,0,0,1,0,27.0,1
3,0.2443,,37.6,37.5,76.3,0,0,0,0,0,0,0,2,26.0,1
2,0.4917,189.0,38.1,55.2,65.6,1,0,0,0,0,1,0,0,,1
2,0.2285,,42.3,63.4,35.7,0,0,0,0,1,1,1,0,33.0,1
2,0.1492,523.0,52.3,61.1,51.2,1,0,1,1,0,1,0,0,29.0,1
3,0.211,292.0,54.7,47.3,38.0,0,0,0,1,0,0,0,2,18.0,1
1,,216.0,48.6,59.5,34.9,0,0,0,0,1,0,0,0,20.0,0
2,0.2846,523.0,44.4,77.5,63.9,0,0,0,0,0,0,0,3,42.0,1
4,0.355,170.0,45.7,58.1,71.0,1,1,0,1,1,1,0,1,15.0,1
1,0.8336,342.0,97.1,30.5,69.0,2,0,0,0,0,0,0,2,19.0,1
6,0.2056,1064.0,38.1,,71.6,0,0,1,0,1,1,0,0,46.0,1
1,0.185,309.0,42.0,85.7,61.8,0,0,0,0,0,0,0,1,27.0,1
1,0.1562,180.0,100.0,35.7,57.6,0,0,0,0,1,1,1,1,23.0,0
3,0.2716,360.0,59.6,55.4,44.8,0,0,1,1,0,1,1,1,13.0,0
1,0.2645,213.0,27.2,51.6,55.0,1,0,0,1,1,1,0,3,19.0,1
3,,133.0,67.2,56.4,40.9,1,0,0,0,0,0,0,1,25.0,0
3,0.4393,422.0,35.6,57.9,48.5,1,0,0,0,1,0,0,1,171.0,1
2,0.1621,521.0,68.4,72.1,63.4,0,0,1,0,1,0,0,0,47.0,0
1,0.3688,233.0,48.2,56.3,60.1,1,0,0,0,1,1,0,1,12.0,0
2,0.3061,229.0,44.1,74.2,100.0,2,0,1,0,0,0,0,0,43.0,0
2,0.2261,166.0,,53.2,40.5,0,0,0,1,0,0,1,1,,1
4,,270.0,62.2,49.7,60.0,0,0,0,0,1,1,0,4,48.0,1
1,0.8144,202.0,69.5,45.0,39.2,1,0,0,0,0,1,0,1,17.0,1
3,0.1542,165.0,,27.7,55.8,4,0,0,1,0,0,1,1,140.0,1
3,0.2848,813.0,44.0,67.1,56.4,0,0,0,0,0,1,0,1,11.0,0
1,0.1419,357.0,63.0,85.8,75.5,0,0,1,1,0,0,0,2,40.0,0
2,0.6078,386.0,73.8,61.9,54.8,1,0,0,0,0,0,0,0,14.0,1
2,0.3707,458.0,54.4,65.3,58.9,0,0,0,0,0,0,1,1,,0
1,0.1476,422.0,,48.8,55.1,1,0,1,1,0,1,0,0,31.0,0
0,0.2677,215.0,67.3,51.3,39.6,0,0,0,0,0,0,0,2,85.0,0
1,0.247,321.0,55.8,69.8,51.6,1,0,0,0,1,0,1,4,86.0,1
2,0.1713,243.0,56.5,85.1,55.9,1,0,0,1,0,1,0,2,18.0,0
2,0.3454,358.0,54.5,77.3,63.2,1,0,0,1,1,0,0,0,309.0,1
4,,354.0,29.5,67.1,70.9,1,0,1,0,0,1,0,0,38.0,0
2,0.2563,228.0,50.4,55.5,58.2,1,0,1,1,0,0,0,4,26.0,1
4,0.2508,141.0,,58.1,58.0,2,0,0,0,0,1,0,2,37.0,1
2,0.2885,305.0,44.5,43.7,34.5,0,1,1,0,0,0,0,1,46.0,1
1,0.2432,247.0,58.1,33.3,70.6,0,0,0,0,0,1,0,0,39.0,0
2,0.2352,100.0,,38.1,50.9,2,0,1,0,0,0,0,0,36.0,1
1,0.1507,,65.9,55.7,74.0,1,0,1,0,0,0,0,1,60.0,1
1,0.5442,,63.9,50.6,83.1,1,0,0,0,0,0,0,0,49.0,1
3,0.1356,1154.0,55.0,,59.0,1,0,0,0,0,1,1,3,18.0,1
3,0.3058,232.0,27.4,54.4,45.6,1,1,1,0,1,0,0,5,295.0,1
2,0.1909,209.0,84.2,50.2,61.7,0,0,0,0,0,0,0,2,,0
2,0.5991,153.0,49.4,37.4,67.6,0,0,0,0,0,0,1,0,47.0,0
5,0.1658,335.0,50.5,49.4,57.0,2,0,0,1,0,1,1,1,29.0,1
2,0.1519,315.0,45.8,50.2,53.0,0,0,0,0,1,0,0,1,35.0,1
4,0.1506,188.0,43.2,45.8,71.0,1,1,0,1,0,0,1,1,,1
3,0.2888,261.0,79.8,68.9,70.0,3,0,0,0,0,0,0,3,,0
2,0.107,95.0,76.9,26.5,56.5,0,0,1,0,1,0,0,2,,0
0,0.1552,450.0,60.0,25.2,35.5,1,0,0,0,0,0,0,0,,0
3,0.074,188.0,40.1,55.0,69.3,0,0,0,0,1,1,0,2,98.0,1
1,0.2447,271.0,63.1,56.4,49.7,1,0,0,0,0,0,0,0,6.0,1
3,0.1836,131.0,53.3,61.1,65.4,0,0,0,0,1,1,0,7,141.0,0
1,0.0946,200.0,38.6,46.9,64.4,0,0,1,0,0,1,0,0,24.0,1
1,0.3895,237.0,58.1,41.2,31.8,2,0,0,0,0,0,0,2,27.0,0
3,0.1177,285.0,44.1,54.9,63.3,2,0,1,0,0,0,1,2,46.0,0
3,0.3747,374.0,56.5,48.4,70.2,1,0,0,0,0,1,0,1,7.0,0
3,0.1644,634.0,55.7,78.3,,1,0,1,0,0,0,0,5,44.0,0
1,0.5173,413.0,62.9,50.1,63.9,0,0,0,0,0,0,0,1,29.0,1
3,0.365,487.0,40.9,,30.4,1,0,1,1,0,1,0,2,33.0,1
4,0.1474,649.0,64.8,92.1,82.4,1,0,0,0,1,1,0,1,11.0,1
2,0.1375,385.0,35.7,52.1,68.6,1,0,1,0,0,0,0,1,40.0,1
8,0.4552,311.0,41.7,63.3,42.7,0,0,0,0,1,0,0,1,79.0,1
2,0.197,490.0,42.5,64.7,49.4,0,0,0,0,0,0,0,1,38.0,1
2,0.2074,,32.7,66.0,65.7,2,0,0,0,0,0,0,1,23.0,1
3,0.4866,410.0,70.3,59.3,72.9,1,0,0,0,0,0,0,5,384.0,1
0,0.1338,122.0,34.6,57.9,54.2,1,0,0,1,1,1,0,2,18.0,0
3,0.2542,181.0,39.4,56.5,75.2,1,0,1,0,1,0,0,2,71.0,1
1,0.3624,237.0,74.6,46.4,33.3,0,0,1,1,0,0,1,1,34.0,1
2,0.3552,432.0,41.7,59.9,45.3,0,0,0,0,0,0,0,3,176.0,1
1,,273.0,48.6,85.4,29.0,0,0,1,0,1,0,0,2,52.0,0
3,0.2062,537.0,33.8,73.2,47.6,1,0,0,0,0,1,0,1,45.0,0
1,0.0824,569.0,57.0,59.6,86.1,1,0,0,0,0,0,0,2,,0
3,0.1352,,67.2,,94.9,1,0,1,0,0,1,0,0,11.0,1
2,0.2712,546.0,65.3,42.0,65.8,1,0,0,0,0,0,0,1,14.0,0
6,0.2683,172.0,61.7,51.1,51.8,4,0,0,0,1,1,1,1,27.0,1
0,0.2104,353.0,53.3,69.2,58.5,1,0,0,0,1,0,0,2,82.0,1
3,0.4281,206.0,42.6,77.3,69.6,0,0,0,0,1,0,0,2,46.0,1
1,0.1116,111.0,37.3,43.4,37.0,1,0,0,0,0,1,0,3,30.0,1
5,0.2393,255.0,75.2,47.7,52.8,0,0,0,1,0,0,0,2,93.0,1
3,0.2681,595.0,65.8,87.7,85.0,1,0,0,0,0,0,0,1,6.0,1
3,0.1641,370.0,39.5,56.4,45.3,0,0,1,0,0,1,0,2,11.0,0
1,0.4711,837.0,,90.4,50.0,0,0,1,0,0,1,0,1,4.0,1
0,0.3328,298.0,46.6,58.1,62.2,2,0,0,1,1,1,0,3,113.0,0
0,0.2368,1039.0,31.7,66.7,66.5,1,0,0,0,0,1,0,1,26.0,0
0,,298.0,55.2,,52.0,1,0,0,0,0,0,0,2,68.0,1
2,0.0998,285.0,34.5,,63.2,1,0,0,1,0,0,1,3,32.0,0
2,0.2267,139.0,34.9,75.4,,0,0,0,0,0,0,0,1,63.0,0
2,0.2785,518.0,25.4,39.5,93.4,1,0,0,0,0,0,0,3,32.0,0
2,0.1377,,23.9,49.7,60.0,1,0,1,1,0,0,1,2,43.0,0
2,0.2686,197.0,45.3,68.7,61.3,0,0,0,1,0,0,0,0,30.0,0
4,0.1396,593.0,50.5,53.1,86.4,1,0,1,0,0,0,0,0,32.0,0
1,0.3134,522.0,36.2,47.6,53.2,1,0,0,0,1,0,0,2,147.0,1
1,0.3836,514.0,63.7,70.1,40.8,0,0,1,0,0,0,0,3,10.0,0
0,0.2345,,50.8,71.6,66.0,0,0,0,0,1,0,0,3,41.0,0
1,0.0774,,52.4,48.3,79.2,0,0,1,0,0,0,1,3,41.0,0
3,0.142,278.0,48.7,58.2,67.8,1,0,1,0,0,0,0,1,29.0,0
3,0.3298,442.0,37.8,36.9,60.4,1,0,0,0,0,0,0,0,18.0,0
3,0.2445,675.0,54.1,41.6,38.8,0,0,0,0,1,0,0,0,20.0,0
3,0.0549,352.0,,56.9,61.1,0,0,1,1,0,1,0,1,94.0,0
3,0.4788,851.0,61.7,63.5,81.7,0,0,0,1,0,1,0,3,33.0,1
0,0.2177,443.0,35.1,40.5,42.3,0,0,0,0,1,0,0,1,238.0,0
2,0.1451,247.0,68.5,44.3,58.1,1,0,0,0,1,0,0,1,52.0,1
4,0.4436,462.0,45.9,39.0,55.8,1,0,1,0,0,0,0,1,22.0,1
2,0.1568,719.0,71.1,61.8,50.8,1,0,0,0,1,0,0,1,,1
2,0.1559,845.0,31.8,33.5,66.0,0,0,0,0,0,0,0,1,30.0,0
0,0.2459,519.0,,39.8,,1,0,0,0,0,0,0,1,81.0,0
3,0.6438,291.0,58.9,,68.9,1,0,0,0,0,1,0,1,11.0,1
4,0.6269,260.0,73.1,61.3,46.4,1,0,1,0,1,0,0,4,11.0,1
2,0.2774,386.0,82.0,28.0,35.7,1,0,0,0,0,0,0,0,33.0,0
2,0.2936,707.0,52.7,55.5,66.2,2,0,0,1,1,0,0,2,74.0,0
1,0.3313,350.0,85.1,79.6,53.9,0,0,0,0,0,0,0,0,31.0,0
1,0.1074,354.0,46.8,80.1,91.4,0,1,0,0,0,0,0,1,47.0,0
2,,290.0,,27.9,92.2,0,0,1,0,0,0,0,1,42.0,1
0,0.1348,226.0,35.0,59.5,93.9,1,0,0,1,1,1,0,0,9.0,0
1,0.2554,252.0,59.6,40.2,47.0,2,0,1,0,1,0,0,3,54.0,1
3,0.2133,309.0,9.8,37.1,71.1,1,0,1,0,1,0,0,1,97.0,1
0,0.266,696.0,31.8,53.3,75.9,1,0,1,1,1,0,0,3,49.0,1
0,0.2154,237.0,60.4,73.4,74.1,2,0,0,0,0,0,0,1,10.0,0
1,0.0396,284.0,18.4,64.0,56.3,3,0,0,0,1,0,1,0,23.0,0
1,0.2365,171.0,59.7,44.3,82.5,1,0,0,1,0,0,0,3,55.0,1
4,0.3654,434.0,,65.6,62.0,0,0,1,0,0,0,0,0,103.0,1
3,0.3089,,43.0,21.3,64.0,1,0,1,0,0,0,1,4,8.0,0
3,0.2285,702.0,34.6,,37.4,0,0,0,0,0,0,0,2,42.0,0
3,0.5964,321.0,43.5,42.6,,2,0,1,0,0,1,0,1,13.0,0
1,0.2544,378.0,34.6,56.2,57.8,0,0,0,0,0,0,0,0,37.0,1
1,0.2727,254.0,50.2,52.0,69.4,1,0,0,0,0,0,0,2,,0
0,0.3586,362.0,53.8,,65.8,0,0,1,1,1,0,1,4,40.0,1
3,0.2951,341.0,46.5,,64.9,0,0,0,0,1,0,0,3,71.0,1
4,0.1566,302.0,82.1,55.3,61.3,0,0,1,1,0,0,1,0,61.0,0
2,0.0595,304.0,29.1,63.1,74.6,0,0,1,1,1,0,0,2,33.0,0
3,0.1859,368.0,77.0,57.2,58.8,1,0,1,0,0,1,0,1,9.0,0
2,0.3459,,33.3,50.7,38.7,0,0,1,1,0,1,0,2,98.0,1
2,0.1875,246.0,53.3,61.0,71.1,2,0,0,1,1,0,0,3,83.0,0
2,0.3537,720.0,73.3,67.4,49.1,1,0,0,0,0,0,0,0,39.0,0
4,0.2785,1301.0,,54.7,40.8,3,0,0,0,1,0,1,0,17.0,0
0,0.41,139.0,44.4,54.1,45.6,1,0,1,1,0,0,0,3,77.0,0
4,0.2182,147.0,62.0,72.4,66.5,1,0,0,0,0,0,1,2,160.0,1
0,0.2611,160.0,,38.5,60.5,0,0,1,0,0,0,0,0,22.0,0
2,0.3007,266.0,42.3,82.1,27.9,0,0,0,0,1,0,0,2,41.0,0
4,0.5862,479.0,63.1,34.9,55.9,0,1,0,0,0,0,0,2,13.0,1
3,0.0945,,75.5,,80.7,0,0,0,0,0,0,0,1,16.0,0
2,0.1769,309.0,60.5,40.7,54.8,0,0,1,0,0,0,0,1,12.0,0
6,,408.0,62.2,,59.4,1,0,0,0,0,0,1,3,39.0,1
3,0.5657,196.0,64.1,47.4,,0,0,0,1,0,0,1,2,24.0,0
5,0.311,261.0,25.7,,74.7,0,1,0,0,1,0,0,1,,1
2,0.1938,278.0,60.3,49.4,78.3,1,0,0,0,0,0,0,4,19.0,1
3,0.3666,120.0,33.7,56.4,17.6,3,0,1,0,0,0,0,1,24.0,1
1,0.3457,146.0,41.4,50.1,89.7,1,0,0,0,0,0,0,1,13.0,0
3,0.1983,155.0,90.9,53.0,72.2,1,1,0,0,0,0,0,1,32.0,1
3,0.2899,437.0,47.4,5.0,100.0,1,0,0,0,1,0,0,2,10.0,0
2,0.4357,322.0,38.7,,49.5,0,0,0,0,1,1,0,1,38.0,1
1,0.6064,386.0,72.7,55.3,33.8,0,0,0,1,0,1,0,2,25.0,1
1,0.3225,100.0,34.9,70.6,62.1,1,0,0,0,0,0,1,2,36.0,0
4,0.263,130.0,43.9,74.6,57.6,0,0,0,0,0,0,0,1,,0
4,0.2491,422.0,74.5,52.2,72.5,1,0,0,1,1,0,1,3,,0
0,0.2743,59.0,52.8,67.2,79.2,1,0,0,0,1,0,0,3,34.0,0
3,0.2268,563.0,,38.5,60.6,0,0,1,0,1,1,0,1,40.0,0
3,0.2683,105.0,61.8,66.5,58.1,1,0,0,0,0,0,0,1,6.0,0
2,0.1272,448.0,44.9,46.4,70.4,3,0,1,0,0,0,1,1,10.0,0
0,0.412,166.0,79.7,,57.9,0,0,0,0,1,0,0,0,22.0,1
2,0.1216,501.0,41.1,52.2,56.6,1,0,1,1,0,0,0,0,74.0,0
3,0.1906,1677.0,70.9,84.0,78.6,1,0,0,0,0,0,0,3,54.0,0
0,0.213,,84.0,57.7,82.2,1,0,1,1,1,0,0,2,42.0,1
2,,413.0,,77.4,79.3,2,0,1,0,1,0,0,1,16.0,1
2,0.1804,104.0,48.5,43.8,59.3,0,0,1,1,0,1,0,0,10.0,1
6,0.2006,386.0,59.0,70.7,,0,0,1,1,0,1,0,2,39.0,0
6,0.2137,272.0,36.6,45.2,59.6,0,0,0,0,1,1,1,1,59.0,1
2,0.5669,302.0,56.9,58.4,49.9,0,0,1,1,0,1,0,3,42.0,0
1,0.0456,167.0,38.0,58.3,59.9,1,0,1,0,1,1,0,2,150.0,0
0,0.1163,415.0,47.6,64.9,51.3,0,0,0,0,0,1,0,2,18.0,1
4,1.0,132.0,52.9,58.8,61.7,1,0,0,0,1,0,0,0,35.0,1
1,0.2967,546.0,53.3,43.9,,0,0,1,0,1,0,0,0,8.0,1
2,0.1239,225.0,54.9,68.2,41.5,1,0,0,0,0,0,0,0,29.0,0
3,0.2362,,41.2,81.0,,1,1,1,0,0,0,0,0,79.0,1
1,0.2225,663.0,42.0,46.2,46.5,3,0,0,0,0,0,0,1,12.0,0
2,0.3625,271.0,49.9,27.5,62.0,0,0,1,0,1,0,0,1,66.0,1
2,0.6261,804.0,51.2,70.5,77.3,3,0,0,0,0,1,0,2,99.0,1
5,0.3375,585.0,44.1,50.0,76.6,1,0,1,0,0,1,1,1,16.0,0
1,0.1593,178.0,57.8,53.0,74.7,2,0,0,0,1,0,0,1,49.0,0
4,0.3957,280.0,,63.3,66.8,1,1,1,0,1,0,0,1,,1
3,0.1646,307.0,38.9,48.2,73.6,0,0,0,0,1,0,0,3,52.0,0
2,0.1289,652.0,47.0,51.0,84.0,0,0,0,1,0,0,0,4,74.0,1
2,0.0865,358.0,26.6,53.5,68.8,2,0,0,0,1,0,0,1,8.0,0
3,0.1022,316.0,81.3,77.0,32.6,2,0,0,0,1,0,0,2,61.0,0
3,0.1476,257.0,,55.5,53.5,2,0,1,0,0,0,0,3,53.0,1
0,0.1056,263.0,55.2,36.5,73.1,2,0,0,0,1,0,0,1,12.0,0
2,0.2704,577.0,43.3,37.1,52.0,1,0,0,0,0,0,0,3,16.0,1
0,0.1044,271.0,51.7,57.1,87.9,1,0,1,0,1,0,0,1,55.0,1
4,0.0455,236.0,20.1,38.1,61.0,0,0,0,0,1,0,0,3,34.0,0
5,0.1535,219.0,48.9,31.6,63.4,0,0,0,0,0,1,1,1,67.0,0
3,0.1865,212.0,,64.5,80.0,1,1,1,0,0,0,0,1,35.0,0
4,0.184,135.0,47.0,65.3,59.1,0,0,0,0,0,1,1,1,29.0,1
2,0.5251,186.0,5.9,49.5,64.8,1,0,1,0,0,0,1,1,24.0,1
1,0.153,629.0,31.7,59.4,,1,0,0,1,0,0,0,1,35.0,1
2,0.3695,251.0,78.4,57.8,38.4,0,0,0,1,1,1,0,3,82.0,1
2,0.2253,415.0,66.9,64.0,57.4,3,0,0,0,0,0,0,0,38.0,1
2,0.2224,72.0,75.7,64.1,75.3,0,0,1,1,0,0,0,2,22.0,1
3,0.1527,393.0,77.0,15.9,63.0,1,0,0,0,0,0,1,1,75.0,1
2,0.2204,258.0,64.1,51.4,85.5,1,0,1,0,0,0,0,3,60.0,1
1,0.1407,,43.8,62.8,36.8,1,0,0,0,0,1,0,0,33.0,1
1,0.2354,305.0,,48.8,35.0,0,0,0,0,0,0,0,2,34.0,0
1,0.1883,210.0,72.6,55.5,74.3,0,0,1,0,0,1,1,0,37.0,0
1,,86.0,53.2,66.3,75.9,1,1,0,0,0,1,0,0,6.0,1
4,0.4429,486.0,96.9,56.2,58.9,1,1,0,0,1,1,0,2,46.0,1
2,0.2879,322.0,45.4,77.6,68.4,1,0,0,0,0,0,0,0,91.0,0
1,0.1676,232.0,87.5,71.9,73.9,1,0,1,0,0,0,0,3,42.0,1
1,0.2322,162.0,49.2,,49.0,0,0,0,1,1,0,0,1,,0
2,0.2174,125.0,,52.0,,0,0,0,0,1,0,0,1,21.0,0
1,0.133,312.0,82.5,12.2,65.0,0,0,0,0,0,1,0,1,41.0,1
2,0.2366,,33.6,50.1,,1,1,1,0,1,0,0,2,33.0,1
7,0.2184,348.0,43.3,34.7,43.3,2,0,0,0,1,0,0,2,109.0,0
3,0.1437,134.0,33.4,58.3,,1,0,0,0,1,1,1,2,19.0,0
0,0.0827,306.0,19.9,57.3,58.1,0,1,0,0,0,0,0,0,17.0,0
2,0.1869,273.0,64.0,65.4,68.7,0,0,0,0,0,1,0,3,22.0,0
3,0.3302,462.0,48.5,76.0,61.9,0,0,0,0,0,1,0,1,120.0,1
6,0.1975,426.0,52.9,54.6,53.3,0,0,1,1,1,0,1,1,29.0,0
1,,53.0,62.0,89.2,82.0,3,0,1,1,1,0,0,1,22.0,1
3,0.3934,388.0,18.6,58.5,53.4,1,0,0,0,0,0,0,2,6.0,0
1,0.4393,159.0,75.2,35.3,57.3,0,0,0,0,0,0,1,0,12.0,1
1,0.332,,45.7,46.6,36.5,1,0,0,0,0,1,0,0,37.0,1
4,0.7111,264.0,61.6,49.4,50.6,0,0,0,1,0,0,0,0,37.0,1
2,0.1477,353.0,63.2,63.9,,2,0,0,0,1,0,0,1,,0
2,0.0557,,66.7,40.8,67.1,0,0,0,0,0,0,0,4,25.0,0
2,0.1781,415.0,,50.5,71.6,0,0,1,1,0,1,1,2,138.0,0
2,0.3094,428.0,13.8,,70.8,1,0,0,0,0,0,0,0,212.0,0
1,0.233,283.0,53.0,48.3,95.4,0,0,0,0,1,1,1,3,108.0,1
4,0.2986,182.0,55.6,67.2,50.0,0,0,1,0,1,1,1,1,118.0,1
0,,158.0,33.4,64.6,36.1,2,0,0,0,0,0,0,2,129.0,1
2,0.2809,495.0,54.7,72.5,45.2,1,0,0,0,0,0,0,3,207.0,1
1,0.3327,120.0,45.5,,50.7,1,0,0,0,1,0,0,1,27.0,1
1,0.1279,495.0,27.8,73.0,46.4,0,0,1,1,1,1,0,4,24.0,1
2,0.1246,257.0,64.1,34.5,63.5,0,0,0,1,0,0,0,1,120.0,0
1,0.5209,262.0,41.9,34.2,82.0,3,1,0,0,0,1,0,1,13.0,0
3,0.2555,112.0,44.7,36.8,86.6,0,1,0,0,0,1,1,1,12.0,0
4,0.1822,270.0,43.7,55.1,,1,0,0,0,0,0,0,2,14.0,0
3,0.1717,402.0,74.2,73.0,96.3,0,0,0,0,0,0,1,1,25.0,0
1,0.15,132.0,51.3,46.0,56.3,1,0,0,0,1,1,0,0,6.0,0
1,0.1452,363.0,53.4,47.8,,1,0,1,0,0,0,0,1,9.0,0
4,0.1267,308.0,44.1,51.8,78.9,0,1,1,0,1,0,0,2,23.0,1
1,0.0939,194.0,50.3,63.6,32.6,1,0,0,1,0,0,0,2,,0
2,0.2045,450.0,76.3,47.8,49.9,2,0,0,0,0,0,0,2,,0
2,0.1643,84.0,63.7,47.0,70.3,0,0,0,0,0,0,0,1,28.0,0
0,0.3712,327.0,64.4,34.8,60.4,1,0,0,0,0,1,0,0,39.0,1
1,0.2519,672.0,62.9,46.4,58.9,1,0,1,1,1,0,1,2,55.0,1
4,,647.0,27.2,72.7,43.1,1,0,0,1,0,1,0,1,23.0,1
1,0.1425,342.0,36.2,56.4,61.8,2,0,1,0,0,0,0,1,61.0,0
4,0.2401,248.0,48.3,43.9,78.1,0,0,0,0,1,1,0,2,55.0,1
5,0.3324,211.0,38.9,73.5,62.3,1,0,1,0,0,0,0,2,24.0,0
4,,248.0,,46.2,48.7,0,0,1,0,0,0,0,3,9.0,0
2,0.2162,380.0,18.3,76.3,42.0,1,0,1,0,1,0,0,3,65.0,0
4,0.4646,188.0,27.8,76.1,49.0,1,0,1,0,0,1,0,2,11.0,1
3,,436.0,47.4,55.8,68.3,0,0,1,0,0,0,0,1,37.0,0
7,0.4752,1005.0,50.8,40.5,67.5,2,0,0,0,0,0,0,2,33.0,1
1,0.1637,267.0,37.7,89.3,49.2,0,0,0,0,0,0,1,2,11.0,0
2,0.084,134.0,43.4,60.8,26.6,1,0,0,0,0,0,0,1,34.0,1
4,0.2975,140.0,44.2,50.1,68.7,1,0,1,0,1,0,0,2,44.0,1
3,0.3602,440.0,71.6,69.3,47.6,2,0,0,0,0,0,0,2,36.0,1
1,0.2942,267.0,49.1,65.5,73.0,0,0,1,0,1,0,0,1,38.0,1
2,0.2871,456.0,64.5,74.7,49.9,0,0,0,0,0,0,0,0,15.0,1
1,0.177,206.0,55.7,45.1,46.2,0,0,1,0,0,0,0,1,44.0,1
2,0.1461,444.0,26.8,59.8,64.5,1,0,0,0,0,0,0,4,23.0,1
2,0.3083,258.0,50.4,,99.7,2,0,1,0,0,0,0,3,15.0,1
4,0.3245,196.0,29.8,65.0,74.0,0,0,0,0,0,0,0,1,47.0,0
2,0.1672,226.0,50.1,54.7,,0,0,0,0,1,1,0,1,71.0,0
1,0.3946,143.0,38.6,59.2,67.7,2,0,1,0,1,0,0,1,55.0,1
0,0.1242,808.0,58.9,,34.0,1,0,0,0,1,0,0,0,25.0,0
5,,283.0,27.8,51.2,44.0,0,0,0,0,0,1,1,2,7.0,1
2,0.5599,401.0,52.3,42.0,21.8,2,0,1,0,1,0,0,3,141.0,1
4,0.4138,218.0,,66.9,89.7,3,0,1,0,0,0,0,1,6.0,0
4,0.2108,164.0,,,86.4,0,0,0,0,1,0,0,5,87.0,0
1,0.2511,243.0,38.2,46.6,68.3,0,0,0,0,1,1,1,4,262.0,0
1,0.2334,506.0,52.3,63.3,64.2,1,1,0,1,0,1,0,0,28.0,0
1,0.0474,207.0,45.3,61.5,,0,0,0,0,0,0,0,2,39.0,1
1,0.1302,171.0,79.8,55.1,58.5,0,0,0,1,1,0,0,2,52.0,0
5,0.265,326.0,25.3,32.1,90.7,0,0,0,0,0,1,0,0,29.0,0
2,0.1871,370.0,35.6,35.5,64.1,1,0,0,0,0,1,0,1,181.0,0
1,0.2456,681.0,,43.3,53.0,0,0,0,0,1,0,1,0,15.0,1
2,0.4237,342.0,47.1,22.9,33.9,0,1,1,0,0,0,0,1,13.0,1
2,0.1907,401.0,18.0,76.1,84.1,2,0,0,0,0,0,0,1,21.0,1
2,0.1272,418.0,,60.5,,0,0,0,0,0,0,0,2,126.0,0
2,,149.0,2.2,,33.9,0,0,1,1,1,0,0,1,21.0,1
3,0.202,169.0,56.3,22.1,47.2,1,0,1,1,0,0,1,0,35.0,0
2,0.2089,155.0,66.6,27.6,41.6,2,0,0,1,0,0,0,0,58.0,1
2,0.1939,135.0,35.6,55.0,59.9,0,0,1,1,0,0,0,1,52.0,0
3,0.8295,445.0,43.5,84.6,65.3,0,0,0,0,1,1,0,1,76.0,1
2,0.0664,330.0,58.6,44.5,53.9,1,0,0,0,1,1,0,3,134.0,1
1,0.1732,288.0,,,74.4,1,0,0,0,0,1,1,1,35.0,1
3,,69.0,28.2,47.8,63.3,1,0,0,1,1,1,0,2,26.0,0
4,0.167,907.0,47.9,63.8,79.0,0,0,1,0,0,1,1,0,28.0,0
4,0.421,179.0,,,56.3,1,0,0,0,1,0,0,2,29.0,1
4,0.4014,906.0,,57.8,100.0,0,0,1,0,0,0,1,1,208.0,1
2,0.2217,127.0,29.3,44.6,53.0,0,1,0,0,0,1,0,0,16.0,1
1,0.1847,,55.9,76.3,47.5,1,0,0,1,1,0,0,0,44.0,0
0,0.1898,81.0,49.3,,45.6,3,0,0,0,0,0,0,1,8.0,0
3,0.2282,350.0,61.9,71.4,58.6,1,0,0,0,0,1,0,3,39.0,1
1,0.2053,151.0,55.6,44.7,,2,0,1,0,1,0,0,0,,0
2,0.2053,156.0,,76.1,66.7,0,0,1,0,0,1,0,2,54.0,0
2,0.2615,,26.0,59.1,31.5,2,0,1,0,0,0,0,0,43.0,1
3,0.3658,440.0,60.9,61.5,64.6,1,0,1,1,0,0,1,3,109.0,1
4,0.1305,433.0,46.0,57.0,40.4,2,0,0,0,0,1,0,1,81.0,1
1,0.1203,747.0,49.0,47.4,55.9,2,0,0,0,0,0,1,0,23.0,1
7,0.1175,213.0,70.9,55.0,71.7,1,0,0,0,0,0,0,1,13.0,1
3,0.3893,324.0,39.1,48.4,98.9,0,0,1,0,0,0,0,0,13.0,0
5,0.3128,147.0,76.3,69.4,44.8,1,0,0,0,1,0,0,0,38.0,1
3,0.3191,239.0,78.0,52.0,59.6,1,0,0,1,0,0,0,0,28.0,1
2,0.1037,212.0,65.6,32.6,50.4,2,0,1,1,0,0,0,2,38.0,0
1,0.5722,356.0,34.3,29.8,48.1,1,0,0,0,0,0,0,1,18.0,0
2,0.1629,492.0,,29.1,50.6,2,0,0,0,0,0,1,5,,1
2,0.2497,485.0,71.4,64.3,75.2,1,0,0,0,0,0,0,2,10.0,0
0,0.323,170.0,54.0,37.7,54.2,1,0,0,1,0,0,0,0,15.0,0
1,0.1246,478.0,38.6,59.5,98.0,1,0,0,1,0,0,0,2,13.0,0
2,0.1686,275.0,73.1,57.0,68.7,0,0,1,0,0,0,0,0,21.0,1
0,0.2228,226.0,36.5,,45.8,2,0,1,1,0,0,0,1,75.0,0
1,1.0,,44.4,61.6,56.1,1,0,0,0,0,1,1,1,22.0,1
2,0.2686,,61.4,57.4,,1,0,1,0,1,1,0,2,41.0,1
2,0.5507,734.0,32.0,,74.8,2,0,1,1,1,1,0,1,57.0,1
2,0.4418,333.0,50.0,50.1,35.8,0,0,1,1,1,0,0,2,29.0,0
2,0.2787,310.0,71.6,61.4,40.5,1,0,1,1,0,1,1,2,42.0,1
1,0.1244,239.0,55.8,79.6,52.5,0,0,1,0,0,0,0,1,34.0,0
5,0.4881,1147.0,74.5,88.3,72.9,0,0,0,0,0,0,0,0,10.0,1
2,0.0999,577.0,62.4,34.6,81.7,3,0,0,1,0,1,0,6,35.0,0
0,,,,49.8,84.1,0,0,0,0,0,0,0,0,33.0,1
2,,,9.9,31.5,70.5,0,0,0,0,0,1,0,1,77.0,0
4,0.0597,260.0,22.1,77.8,60.7,0,0,1,0,0,0,0,1,77.0,1
1,0.1778,299.0,65.7,70.2,74.7,0,0,0,0,0,0,0,1,148.0,0
2,0.3262,191.0,24.1,60.3,43.7,0,0,0,0,0,0,0,2,46.0,1
0,0.1772,344.0,,57.5,32.5,1,0,1,1,0,1,1,4,28.0,1
1,0.3177,613.0,58.1,75.7,69.0,0,0,1,0,0,0,1,0,23.0,1
1,,134.0,78.5,73.2,45.9,0,1,0,0,0,0,0,0,22.0,1
4,0.1251,158.0,41.6,72.4,61.0,0,0,1,0,0,0,0,0,18.0,0
2,0.2189,216.0,40.4,61.9,63.9,0,0,0,0,0,1,1,3,48.0,0
5,0.2773,235.0,,49.8,66.0,0,0,0,0,0,0,0,1,39.0,1
4,0.2119,,58.3,74.5,77.0,0,0,0,0,0,1,1,0,,1
2,0.4471,488.0,49.2,67.2,75.3,1,0,1,1,1,1,0,2,91.0,1
4,0.1608,492.0,,52.1,65.1,2,0,0,0,0,0,0,1,6.0,0
3,0.2871,248.0,37.6,49.7,54.9,2,1,0,0,0,0,0,2,26.0,1
1,0.2225,236.0,54.2,72.0,63.7,0,0,1,0,0,0,1,2,78.0,0
4,0.109,132.0,60.0,80.0,52.5,0,0,1,0,0,0,0,2,51.0,1
4,0.1242,450.0,44.8,43.8,,0,0,0,0,0,0,0,0,18.0,0
2,0.2291,369.0,67.1,51.0,100.0,0,0,0,0,1,0,0,2,184.0,1
0,0.6003,549.0,54.7,60.3,64.9,1,0,1,0,0,1,1,2,22.0,1
2,0.313,251.0,66.2,62.3,69.2,2,0,1,0,0,0,0,0,5.0,1
2,0.0881,260.0,45.5,47.2,50.7,0,0,0,0,1,0,1,1,49.0,1
4,0.0464,322.0,48.8,83.3,78.3,0,0,0,0,0,0,0,2,8.0,0
2,0.3407,,40.6,61.3,74.2,0,0,0,0,0,0,1,1,14.0,1
2,0.2159,125.0,40.6,,74.3,3,0,1,0,0,1,0,1,46.0,0
1,0.4016,414.0,74.0,81.4,65.4,2,0,0,0,0,0,0,3,24.0,1
0,0.1244,267.0,63.4,48.3,78.5,0,0,1,0,1,1,0,2,61.0,1
1,0.2599,154.0,33.6,53.7,82.3,0,0,0,0,0,1,0,4,16.0,1
2,0.3625,89.0,55.3,,66.5,1,0,1,0,1,0,0,2,76.0,1
1,0.1676,256.0,9.3,52.4,60.2,1,1,0,1,0,1,0,0,,0
3,0.1912,637.0,41.7,32.7,76.3,1,0,1,0,1,0,0,2,109.0,0
0,0.2047,679.0,69.3,66.2,47.5,0,0,0,0,1,0,0,2,26.0,1
2,0.3068,342.0,49.7,61.3,50.5,3,0,0,0,1,0,0,2,130.0,0
3,0.2398,845.0,54.1,58.8,61.1,3,0,0,0,1,1,1,0,15.0,0
0,0.345,264.0,1.0,53.5,34.1,1,0,0,1,0,0,0,3,164.0,0
2,0.1766,475.0,44.9,66.4,75.2,2,1,0,1,0,1,0,1,13.0,0
0,0.0972,211.0,,38.0,46.6,1,0,1,1,0,0,0,4,9.0,0
2,0.6753,212.0,60.4,58.1,54.5,0,0,1,0,0,0,0,1,29.0,1
3,0.1733,198.0,69.3,65.5,58.6,0,0,0,1,0,1,0,1,74.0,1
3,0.1768,92.0,48.2,28.3,62.6,0,0,0,0,0,0,0,0,46.0,0
2,,571.0,49.0,65.3,56.5,1,0,0,1,1,0,0,3,109.0,1
2,0.2362,198.0,28.0,29.9,60.9,0,1,1,0,1,1,0,1,65.0,1
3,0.1954,185.0,48.3,53.2,61.0,2,0,0,1,1,0,1,1,18.0,1
2,0.2255,147.0,29.3,37.5,,0,0,0,0,0,1,1,1,51.0,0
0,0.1975,242.0,18.7,76.5,49.6,1,0,0,0,1,1,0,3,46.0,0
3,0.2661,757.0,32.5,,79.3,1,0,0,1,1,0,0,1,,0
4,0.0702,927.0,69.2,38.2,28.3,0,0,0,0,1,0,0,3,50.0,0
3,0.6801,115.0,47.1,57.0,58.7,1,0,0,1,1,1,0,1,32.0,1
4,0.2367,241.0,56.0,48.8,54.5,1,0,0,0,0,1,0,0,76.0,0
1,,156.0,42.8,32.4,68.7,0,0,1,0,0,0,0,0,16.0,0
1,0.1005,475.0,19.8,62.9,38.7,0,0,0,0,1,0,0,0,19.0,1
2,0.1757,330.0,68.9,25.1,54.0,1,0,0,0,0,0,0,1,,1
1,0.1481,194.0,12.9,39.5,,0,0,0,0,1,0,0,2,174.0,1
3,0.5425,299.0,42.0,46.4,79.1,0,0,1,0,1,0,0,2,23.0,1
2,0.1649,216.0,51.0,67.0,67.3,1,0,1,0,1,0,0,1,,0
2,0.3454,684.0,56.1,74.4,43.1,2,0,0,0,1,0,0,2,17.0,1
1,0.1499,373.0,38.9,71.5,54.2,1,0,1,0,1,0,0,2,57.0,1
2,0.1775,407.0,,52.7,76.2,2,0,0,1,1,1,0,1,42.0,1
6,,70.0,37.6,18.6,42.8,1,0,0,1,0,0,0,0,66.0,0
1,0.4344,266.0,38.5,60.9,60.7,1,0,1,0,0,0,0,1,66.0,1
1,0.0758,868.0,28.1,85.1,61.9,1,0,1,0,0,0,0,3,38.0,0
1,0.104,572.0,69.5,73.5,55.8,2,0,0,0,0,0,0,1,18.0,0
2,0.078,102.0,,61.9,100.0,1,0,0,0,1,1,0,0,110.0,0
0,0.111,228.0,57.4,37.2,55.4,2,1,0,1,1,0,0,0,18.0,0
1,0.1372,142.0,,47.1,69.2,0,0,0,0,0,0,0,0,4.0,1
0,,693.0,59.3,84.0,49.7,0,0,1,0,0,1,0,2,7.0,1
1,0.1432,316.0,49.6,33.7,70.4,0,0,0,0,0,0,0,2,9.0,0
2,0.0752,185.0,56.2,,75.9,1,0,1,0,1,0,0,2,61.0,1
1,0.1225,281.0,,69.1,52.6,0,0,0,0,0,1,0,1,163.0,1
0,0.3907,64.0,59.8,48.5,61.1,1,0,1,0,0,0,0,3,7.0,1
4,0.3205,161.0,,37.3,47.7,0,0,1,0,0,0,0,1,15.0,0
3,0.268,293.0,4.5,77.9,43.7,2,0,1,0,0,0,0,1,30.0,0
5,0.157,476.0,58.8,61.9,78.6,2,0,0,0,0,0,0,1,95.0,1
1,0.0921,95.0,49.8,49.3,53.1,1,0,0,0,1,0,1,1,18.0,0
2,0.1217,228.0,60.6,37.8,23.4,0,0,0,0,1,0,0,1,54.0,0
1,0.2093,481.0,42.6,,90.2,2,0,0,0,0,1,0,1,23.0,1
4,0.4137,132.0,78.8,,49.2,1,0,1,0,0,0,0,1,223.0,1
2,0.3739,319.0,43.7,76.0,58.1,0,0,0,0,0,0,0,1,31.0,1
2,0.322,292.0,59.6,68.4,88.3,0,0,0,0,0,1,0,2,41.0,1
2,,723.0,62.7,47.2,59.7,0,0,0,0,0,1,0,2,33.0,1
3,0.245,253.0,82.9,47.3,59.4,0,0,0,0,0,1,1,3,25.0,0
1,0.1797,251.0,46.3,76.7,42.3,0,0,0,0,0,0,1,0,52.0,0
1,0.1919,442.0,40.2,76.9,35.8,1,0,0,0,1,0,0,2,15.0,1
2,0.698,136.0,25.0,26.8,59.3,0,0,1,1,0,0,0,1,6.0,0
6,0.1098,270.0,79.9,,67.8,1,0,0,0,1,0,0,3,38.0,0
1,0.1884,215.0,59.6,53.2,66.9,1,0,0,1,0,1,0,1,53.0,1
4,0.4998,271.0,60.2,39.5,54.3,0,0,0,0,0,0,0,1,17.0,1
2,0.1016,449.0,100.0,58.9,62.3,0,0,0,0,0,0,0,0,28.0,0
2,0.1598,,57.9,34.8,32.6,1,0,0,1,0,0,0,1,10.0,1
2,0.1702,186.0,28.6,48.0,69.4,1,0,1,0,0,1,0,1,65.0,1
2,0.2013,303.0,48.5,43.0,64.6,1,0,0,0,1,0,0,2,64.0,1
1,0.0891,626.0,24.5,47.5,93.6,1,0,1,0,1,0,0,3,44.0,1
3,0.3353,182.0,44.9,53.9,62.1,2,0,0,0,0,0,0,3,40.0,0
0,0.2913,293.0,44.8,39.8,46.9,0,0,0,0,0,0,0,2,10.0,0
5,0.3605,269.0,41.4,78.6,,0,0,1,1,0,1,0,2,11.0,1
1,0.1328,266.0,26.9,62.4,,1,0,1,1,1,0,0,3,39.0,1
2,0.2387,115.0,80.7,81.9,69.0,1,0,0,0,0,0,0,1,42.0,1
2,0.1388,612.0,57.4,52.6,62.4,1,0,1,1,0,0,1,1,43.0,1
3,0.2013,188.0,47.9,46.8,41.8,0,0,1,1,1,0,0,1,25.0,0
0,0.6599,475.0,65.6,81.4,35.8,0,0,0,0,1,0,0,2,,1
3,0.2548,204.0,60.5,46.3,66.2,1,0,0,0,0,0,0,0,76.0,0
3,0.1258,204.0,57.0,52.3,84.1,2,0,0,0,0,1,0,3,33.0,1
2,0.2514,549.0,,65.8,,1,0,0,0,0,1,0,0,31.0,1
1,0.1019,477.0,54.4,36.4,75.0,4,0,1,0,0,0,0,5,38.0,0
1,0.1109,309.0,64.1,,,1,0,0,0,0,0,0,2,28.0,1
1,0.1209,419.0,65.6,63.8,66.3,1,0,0,0,1,1,0,5,,1
2,0.1783,240.0,54.9,,49.0,0,0,0,0,0,0,0,1,108.0,0
3,0.4047,286.0,48.0,68.4,65.1,0,0,0,0,1,0,0,1,70.0,1
5,0.3746,208.0,79.5,74.5,81.3,0,0,1,0,0,0,0,1,54.0,0
4,0.3422,482.0,43.4,53.3,70.5,0,0,0,0,1,0,0,4,34.0,1
1,0.1171,188.0,59.0,42.1,74.0,0,0,0,0,0,1,0,1,13.0,0
5,0.2024,676.0,59.5,86.6,54.6,2,1,0,1,0,0,1,0,34.0,1
3,0.2807,241.0,41.0,32.1,58.8,1,0,1,0,0,1,0,0,66.0,0
2,0.1611,285.0,37.5,33.6,60.1,1,0,1,1,0,1,0,2,,1
2,,427.0,45.6,63.5,61.2,1,0,1,0,0,1,0,1,4.0,0
2,0.2902,285.0,43.1,79.4,80.7,0,0,0,0,0,0,0,3,249.0,1
0,0.1667,230.0,25.8,57.8,24.4,1,0,0,0,1,1,0,1,47.0,0
3,0.2737,282.0,40.3,70.0,62.5,1,0,1,0,1,0,0,2,79.0,1
4,0.6163,479.0,56.8,25.1,60.7,1,0,1,0,0,1,0,1,,0
0,0.1837,188.0,74.8,47.5,40.1,0,0,0,0,0,0,0,2,26.0,0
1,0.4101,257.0,62.0,26.9,72.7,0,0,1,1,0,1,0,0,47.0,0
0,0.2746,272.0,5.2,66.7,50.4,0,0,0,1,0,0,0,0,10.0,1
5,0.1216,481.0,63.5,,56.3,0,0,0,1,0,0,0,0,2.0,0
2,0.1242,,42.0,35.8,91.6,0,0,1,0,0,0,0,0,32.0,1
3,0.1528,776.0,60.2,62.7,78.2,0,0,0,0,0,0,0,0,,0
1,0.134,253.0,51.7,,71.2,1,0,1,0,0,0,0,1,88.0,1
1,0.204,242.0,48.5,52.6,68.1,2,0,0,0,0,0,0,2,27.0,0
2,,256.0,50.2,63.6,59.4,2,1,1,1,0,0,0,2,29.0,1
1,0.4276,134.0,51.6,,94.0,0,0,0,0,0,0,0,2,54.0,1
0,0.2392,153.0,76.2,51.8,74.8,1,1,1,0,1,0,1,2,87.0,0
1,0.1678,206.0,51.6,38.6,50.0,4,0,1,0,0,0,0,0,14.0,0
2,,526.0,61.5,,39.6,2,0,0,1,0,0,0,2,66.0,0
2,0.2366,276.0,68.9,64.2,71.1,1,0,0,0,1,0,0,2,25.0,1
3,0.2452,220.0,64.0,68.4,61.1,0,0,0,0,0,0,0,1,28.0,0
3,0.2673,564.0,19.8,59.7,39.1,0,0,0,0,0,0,0,2,53.0,0
1,0.6828,648.0,72.1,37.5,68.9,1,0,1,0,0,1,1,1,54.0,1
1,0.4241,550.0,43.8,65.4,,0,0,0,0,0,0,0,0,32.0,1
3,0.3722,180.0,64.9,55.0,70.5,0,0,1,1,0,0,1,1,12.0,1
2,0.1341,214.0,,47.8,69.1,3,0,0,0,1,0,0,1,8.0,1
0,0.1523,733.0,30.7,50.6,52.3,0,0,0,0,0,1,0,2,27.0,0
0,0.1916,309.0,87.6,44.6,72.1,1,1,1,0,0,0,0,1,60.0,1
2,0.1486,,34.8,68.3,54.0,2,0,0,0,0,0,1,0,35.0,0
3,0.3183,426.0,72.6,33.7,55.1,0,0,0,0,0,0,0,1,34.0,0
3,0.2941,500.0,54.1,40.1,53.5,0,0,0,0,1,0,0,3,43.0,0
4,0.1411,214.0,44.4,50.1,80.1,1,0,0,0,0,0,0,2,40.0,0
2,0.4397,318.0,,79.2,57.5,2,0,0,0,1,1,0,3,19.0,1
2,,469.0,28.6,70.8,84.0,0,0,1,1,0,1,1,2,58.0,1
1,0.0828,146.0,41.8,30.4,90.5,1,0,0,0,0,0,0,1,54.0,0
2,0.2213,283.0,32.5,75.3,50.2,1,0,1,1,0,0,1,1,21.0,1
1,0.2502,149.0,44.9,75.2,15.3,1,0,0,1,0,0,0,0,35.0,1
2,0.3887,164.0,68.7,37.4,78.7,0,0,0,1,0,1,0,1,7.0,1
0,0.1677,198.0,56.6,17.2,56.5,2,0,0,0,0,1,0,0,28.0,0
0,0.3183,352.0,25.3,53.9,,2,0,0,0,0,0,0,0,22.0,0
2,0.2523,236.0,67.3,71.8,52.6,0,0,1,0,0,0,0,1,76.0,1
1,0.104,193.0,51.9,78.9,55.4,1,0,0,1,0,0,1,2,27.0,1
3,0.111,295.0,42.2,41.9,82.8,1,0,0,0,1,1,1,1,68.0,1
3,0.4482,153.0,65.4,81.3,64.6,0,0,0,0,0,0,1,6,37.0,1
1,0.4139,349.0,49.0,21.6,82.5,0,0,0,0,0,0,0,1,4.0,0
5,0.3255,557.0,31.0,49.5,69.9,2,0,0,0,0,0,0,0,20.0,1
2,0.5182,269.0,85.3,48.7,57.1,0,1,0,0,0,0,1,1,32.0,1
5,0.4873,267.0,51.7,,55.8,0,0,0,0,0,1,0,2,35.0,0
0,0.2941,332.0,50.5,74.5,71.0,0,0,0,0,0,0,0,2,36.0,1
2,0.1379,92.0,44.7,69.3,75.1,1,0,1,1,0,0,0,3,23.0,0
2,0.59,378.0,73.2,34.7,77.9,0,0,1,0,0,0,1,0,19.0,0
1,0.2879,1519.0,42.6,75.9,57.8,0,0,0,1,0,0,0,1,11.0,0
2,0.1841,263.0,24.2,62.6,64.8,1,0,0,0,0,0,0,1,,0
6,0.2004,286.0,39.8,29.9,71.3,1,0,1,0,1,1,0,2,35.0,1
5,0.3139,450.0,,24.0,55.9,2,0,0,1,0,0,0,0,14.0,0
2,0.0908,696.0,57.0,70.6,43.8,1,0,0,1,1,0,0,1,80.0,1
3,0.3552,491.0,47.4,52.3,49.1,2,0,0,1,0,0,0,1,5.0,1
3,0.1431,88.0,76.7,,58.1,0,0,0,1,0,1,0,2,39.0,1
5,0.3341,,65.5,51.9,72.6,0,0,0,0,1,1,0,1,184.0,1
0,0.1515,1113.0,47.2,68.5,82.1,1,0,0,0,0,0,0,1,24.0,1
3,,404.0,,53.8,40.3,0,0,0,0,1,1,0,2,38.0,0
0,0.1331,143.0,57.9,31.7,52.4,0,0,0,1,0,1,1,2,44.0,1
2,0.2083,329.0,37.0,83.3,56.3,1,0,0,1,0,1,0,4,,1
3,0.6833,142.0,52.1,70.1,74.7,2,0,0,1,1,0,0,1,24.0,1
4,0.5498,577.0,57.6,50.0,53.6,0,1,0,1,0,0,0,0,11.0,0
0,0.2454,160.0,21.6,50.6,55.1,0,0,0,0,1,0,1,1,57.0,1
1,,,48.6,60.4,,0,0,1,0,1,1,0,1,7.0,0
3,0.3845,179.0,46.5,38.1,69.7,1,0,1,0,0,0,0,0,,1
0,0.3759,200.0,70.5,59.8,59.4,0,0,0,0,0,1,0,3,26.0,1
2,0.1442,637.0,18.8,35.0,51.5,2,0,0,0,1,0,0,0,30.0,0
2,0.2181,298.0,45.1,53.9,57.8,1,0,0,0,0,0,0,0,16.0,0
3,0.0887,211.0,33.3,37.5,80.0,2,0,1,1,1,0,1,1,106.0,1
4,0.476,,69.3,,45.9,0,0,0,0,0,0,0,1,34.0,0
2,0.7088,101.0,51.2,,48.5,0,0,0,0,0,0,1,3,27.0,1
4,0.2682,147.0,84.3,55.9,82.0,1,0,1,1,0,0,0,0,19.0,0
5,0.0847,318.0,53.9,58.1,63.2,1,0,0,0,1,0,0,1,,0
1,0.2997,,44.6,24.8,72.7,0,0,0,0,1,0,0,1,,0
2,0.1384,207.0,56.3,46.0,68.4,0,0,0,0,0,1,0,2,11.0,0
2,,668.0,45.6,61.9,61.4,0,0,0,0,0,0,0,0,,0
1,0.3026,186.0,67.5,57.9,56.4,0,0,1,0,0,0,0,1,44.0,0
3,0.278,,28.0,22.7,75.3,2,0,0,0,0,0,0,1,95.0,1
7,0.2349,172.0,37.2,58.1,80.6,1,0,0,0,0,0,0,2,52.0,1
4,0.1796,505.0,60.2,60.5,79.3,1,0,0,1,0,0,1,0,25.0,1
3,0.259,,,82.3,43.0,1,0,0,1,0,0,0,1,,1
2,0.1817,107.0,12.4,45.2,82.9,0,0,1,0,0,1,0,1,33.0,1
2,0.1237,233.0,,,56.3,1,0,1,1,0,0,0,1,51.0,0
2,,564.0,49.5,40.0,49.9,1,0,1,0,0,0,0,3,110.0,1
4,0.3094,132.0,18.1,38.5,59.3,1,0,1,0,0,0,1,2,34.0,0
2,0.2064,384.0,1.0,66.1,75.3,2,0,0,0,1,0,0,3,31.0,1
4,0.118,574.0,24.5,14.2,70.6,0,0,0,1,0,0,0,0,15.0,1
1,0.3693,288.0,51.6,48.3,57.9,1,0,0,1,0,0,0,0,35.0,0
0,0.0448,366.0,40.8,76.4,75.4,1,1,0,1,1,0,0,2,19.0,0
2,0.1781,741.0,63.4,55.1,64.2,2,0,0,0,0,1,0,0,19.0,1
5,0.1938,873.0,42.1,76.4,52.8,0,0,0,0,1,0,0,0,14.0,1
1,,267.0,32.1,30.4,50.7,0,0,0,0,0,0,0,0,37.0,0
1,0.292,206.0,44.6,31.0,,1,0,1,0,0,0,0,1,15.0,0
1,0.3984,166.0,52.6,76.6,,1,0,0,0,0,0,0,0,9.0,0
1,0.1449,472.0,56.2,56.5,40.0,1,0,0,0,0,1,0,3,,0
2,0.3143,132.0,37.8,56.5,75.6,0,1,1,0,0,0,1,1,18.0,1
4,0.2858,255.0,68.2,38.2,54.3,0,0,0,0,0,0,0,2,21.0,1
1,0.0836,,30.8,56.5,87.5,1,0,0,0,0,0,0,1,34.0,0
1,0.6098,,36.3,37.8,39.6,0,0,0,0,0,0,0,0,22.0,1
4,0.1163,,,72.8,59.1,0,0,1,0,1,0,1,1,45.0,1
2,0.2867,1153.0,71.3,100.0,,2,0,1,0,0,1,1,0,35.0,1
1,0.2657,258.0,49.6,62.3,46.4,0,0,0,0,1,0,0,1,61.0,0
2,0.2649,222.0,39.5,45.5,54.2,0,1,0,0,0,0,1,2,7.0,0
4,0.1955,512.0,68.7,17.0,90.3,0,0,0,0,0,0,0,1,11.0,0
1,0.3379,315.0,90.6,29.7,64.3,2,0,0,1,0,0,0,3,55.0,0
7,0.1303,687.0,55.8,78.3,49.3,2,0,1,1,0,0,1,1,33.0,0
2,0.2195,308.0,74.2,39.6,32.7,1,0,1,0,1,0,0,4,106.0,1
1,0.1572,241.0,70.6,49.4,34.5,0,0,1,0,0,0,0,0,7.0,0
0,0.1391,101.0,41.1,64.8,53.4,1,0,1,0,0,0,0,0,17.0,0
4,0.3249,120.0,52.5,77.2,51.9,1,0,0,0,1,1,1,1,27.0,1
1,0.3878,101.0,28.9,52.0,58.4,0,0,1,0,0,0,0,1,32.0,1
3,0.2001,354.0,48.3,48.9,25.6,2,0,0,1,0,0,0,2,32.0,0
4,0.3943,138.0,40.7,56.1,60.5,0,0,0,0,1,0,0,3,63.0,1
7,0.3158,621.0,44.7,45.6,78.4,0,0,1,0,0,0,0,1,25.0,0
3,0.1479,292.0,,46.4,88.0,1,0,1,1,0,0,0,3,105.0,1
2,,,46.8,61.2,,2,0,1,0,1,0,0,3,166.0,1
1,0.1818,173.0,61.6,57.8,49.2,1,1,0,0,0,0,0,0,10.0,0
3,0.1648,404.0,49.8,87.0,48.3,3,0,0,0,0,0,0,3,36.0,1
3,0.3059,184.0,18.4,61.6,64.3,1,0,1,0,0,0,1,4,75.0,1
2,0.259,164.0,38.6,72.3,42.5,3,0,0,0,1,1,0,2,61.0,0
4,0.107,,24.7,38.9,88.9,0,0,0,1,0,1,0,0,18.0,0
2,0.0918,,46.4,62.9,62.7,2,0,0,0,0,0,0,1,34.0,1
3,0.3053,252.0,61.1,44.2,60.0,0,0,0,1,0,1,0,3,10.0,1
2,0.1454,401.0,56.6,60.9,87.5,2,0,0,0,0,0,0,1,27.0,1
5,0.3218,300.0,37.8,65.3,61.7,0,0,1,1,0,0,0,1,,1
1,0.3294,,56.4,55.7,68.4,1,0,0,0,0,0,0,2,47.0,1
4,0.1276,187.0,,91.1,50.0,1,0,1,0,0,0,0,1,11.0,1
4,0.1181,915.0,31.5,84.4,40.1,1,0,1,0,0,0,0,0,28.0,0
1,0.5384,201.0,65.4,72.7,52.2,3,0,0,0,0,0,0,1,36.0,0
2,0.2762,662.0,66.7,66.5,97.0,2,0,0,0,0,0,0,0,26.0,0
2,0.1808,,69.1,81.5,72.1,1,0,0,0,0,0,1,4,,0
2,0.1362,,41.0,33.4,66.4,0,0,1,1,0,0,0,2,26.0,0
3,0.1825,430.0,73.2,75.6,46.4,1,0,0,0,0,0,0,1,71.0,1
1,0.1114,518.0,43.1,40.1,76.6,2,0,0,0,0,0,0,0,17.0,0
2,0.37,177.0,63.8,46.5,40.3,0,0,1,1,1,1,0,1,34.0,1
2,0.1485,509.0,42.8,63.4,36.9,1,0,0,0,0,1,0,1,,0
2,0.4154,777.0,48.0,73.5,53.1,1,1,0,0,0,0,0,1,63.0,1
2,,244.0,8.4,37.7,,1,0,1,1,0,1,0,1,29.0,0
3,0.1362,293.0,46.6,47.3,92.4,1,0,0,0,0,0,0,1,15.0,1
3,0.1912,215.0,53.6,56.5,54.8,0,0,0,0,0,0,0,1,28.0,1
2,0.0538,233.0,34.6,52.2,51.2,0,0,0,0,1,0,0,2,,0
1,0.2006,707.0,83.6,67.8,35.8,1,0,1,0,0,0,0,1,84.0,1
3,0.2201,165.0,,,63.2,0,0,1,0,0,0,0,3,34.0,1
6,0.4555,182.0,,61.3,,0,0,1,1,0,0,0,1,9.0,0
1,0.076,669.0,25.7,44.0,74.6,0,0,1,1,0,1,1,1,41.0,0
1,0.4062,389.0,41.9,35.6,76.6,0,1,0,0,0,1,0,1,115.0,0
5,0.428,959.0,70.6,58.1,58.8,1,0,0,0,1,1,0,3,112.0,1
2,,220.0,78.6,40.9,70.9,1,0,0,0,1,0,0,4,20.0,1
3,0.2348,308.0,39.4,62.0,50.8,1,0,1,0,0,0,1,3,28.0,0
1,0.3744,192.0,39.0,61.8,70.6,2,0,1,1,0,1,0,0,,1
1,,299.0,21.2,48.1,53.9,1,1,0,0,0,0,0,1,27.0,0
2,0.3369,106.0,75.5,84.8,69.4,1,0,1,0,0,0,0,2,42.0,1
4,0.1679,427.0,72.2,44.0,68.1,0,0,0,0,0,0,0,0,19.0,0
1,,330.0,40.1,53.2,63.1,0,0,0,1,0,0,0,1,13.0,0
5,0.1469,290.0,,64.6,74.7,0,0,0,0,1,0,0,3,92.0,1
4,0.2574,236.0,28.5,68.4,36.9,1,0,1,1,0,0,0,0,,0
1,0.1362,,55.1,74.2,,1,0,0,0,1,0,0,1,18.0,1
1,0.2636,412.0,61.9,,57.7,1,0,0,0,1,0,0,3,17.0,0
2,0.0842,148.0,4.8,70.8,38.9,1,0,1,0,0,0,1,2,51.0,0
0,0.0627,358.0,36.2,45.0,55.5,0,0,0,0,0,0,0,1,30.0,0
2,0.4842,881.0,81.1,,56.0,0,0,0,0,0,0,1,0,,1
0,0.3319,612.0,48.1,68.6,83.0,1,0,1,0,1,1,0,1,18.0,1
2,0.1278,123.0,,77.7,64.3,2,0,0,0,0,0,0,0,9.0,0
3,0.2413,214.0,63.7,30.0,78.5,0,0,0,0,1,0,0,0,21.0,1
0,0.3537,341.0,,41.4,,0,0,0,1,0,0,0,3,30.0,0
4,0.3232,282.0,46.7,67.3,53.4,0,0,1,1,0,1,0,0,29.0,1
3,0.2622,133.0,49.7,15.2,64.1,1,0,0,0,1,0,0,2,10.0,0
4,0.4688,362.0,34.9,62.4,73.7,0,0,1,0,0,0,0,4,58.0,1
1,0.1434,274.0,34.5,70.9,81.1,0,0,1,1,1,0,0,0,15.0,1
0,0.2054,,79.1,46.4,59.9,1,0,0,0,0,1,0,3,,1
3,0.2394,250.0,34.4,48.5,35.6,2,0,1,1,0,0,0,1,71.0,0
2,0.1959,535.0,,38.9,34.5,1,0,1,0,0,0,1,0,4.0,0
0,0.1629,135.0,44.1,47.2,56.8,2,0,1,1,0,0,0,3,46.0,0
2,0.2369,160.0,51.5,47.6,24.6,1,0,0,0,1,0,0,1,44.0,1
3,0.2463,,,44.8,90.7,2,0,0,0,0,0,0,0,13.0,1
4,0.1442,532.0,41.2,43.9,71.6,0,0,1,0,0,0,0,0,,0
2,0.3538,166.0,62.2,50.9,51.8,1,0,1,0,0,0,1,1,73.0,0
0,0.118,274.0,15.2,50.8,44.2,0,0,1,0,0,0,0,1,133.0,1
1,0.1901,129.0,59.9,83.1,78.4,0,0,0,1,1,0,1,1,79.0,0
3,0.2055,260.0,7.6,49.1,44.2,0,0,0,0,0,0,1,3,159.0,1
2,0.2772,446.0,47.9,60.2,45.7,1,0,0,0,1,0,0,2,22.0,1
1,0.0668,217.0,57.4,46.3,49.7,1,0,1,0,0,1,0,0,,0
1,,241.0,63.2,46.2,63.8,0,0,1,0,0,0,0,2,,0
2,0.1569,151.0,28.6,29.4,71.9,0,0,1,0,0,0,0,2,59.0,1
1,0.4194,193.0,30.9,31.4,81.1,1,0,0,0,0,0,1,1,6.0,0
2,,740.0,39.6,36.9,78.7,0,0,1,1,0,0,0,1,13.0,0
1,0.2087,287.0,55.4,57.8,62.0,0,0,0,1,1,1,1,0,16.0,1
1,0.6142,159.0,15.4,71.1,78.3,0,0,0,0,0,0,0,1,37.0,0
1,0.1841,232.0,51.8,28.2,51.3,0,0,0,0,1,0,0,0,36.0,0
4,0.5073,122.0,57.6,46.8,32.9,0,0,0,0,0,0,0,3,19.0,1
3,0.247,164.0,46.9,34.5,51.3,1,0,1,0,0,0,0,2,,1
2,0.2861,595.0,61.5,51.0,,0,0,0,1,0,1,0,0,10.0,0
4,0.2667,271.0,56.0,71.1,51.9,2,0,0,1,0,0,0,0,17.0,0
3,0.3853,812.0,42.3,56.3,46.7,2,0,0,0,0,1,0,2,11.0,0
3,0.1658,272.0,17.1,54.3,54.6,0,0,0,0,1,0,1,2,34.0,1
2,0.1325,276.0,,76.8,71.9,3,0,1,0,1,0,0,2,20.0,0
2,0.1602,400.0,34.8,61.9,89.4,1,0,0,0,0,0,0,1,48.0,0
1,0.2265,,41.6,43.6,34.4,2,0,0,0,0,0,0,0,24.0,0
0,,303.0,60.6,57.4,41.4,0,0,0,0,0,0,0,0,20.0,0
3,0.3572,,77.5,42.6,49.3,2,0,1,1,0,0,0,1,114.0,1
2,0.4665,637.0,51.3,61.3,74.3,1,0,0,0,0,0,0,2,42.0,0
4,0.1501,498.0,62.0,,58.7,0,0,0,0,0,0,0,2,23.0,0
0,0.1348,145.0,26.0,,50.4,0,0,0,1,1,0,0,0,19.0,1
1,0.0973,546.0,46.4,57.6,73.5,1,0,0,0,0,0,0,0,10.0,1
3,0.7384,249.0,50.9,53.2,,1,0,0,0,0,0,0,3,33.0,1
2,0.2692,,74.1,63.2,61.7,2,0,0,0,1,0,0,2,49.0,1
3,,320.0,42.3,67.5,48.9,0,0,1,1,0,0,0,0,5.0,1
2,0.1089,252.0,47.7,62.2,,0,0,0,1,0,0,0,1,9.0,0
2,0.2275,656.0,71.1,50.5,58.3,0,0,0,0,1,1,0,2,25.0,0
0,,326.0,50.3,69.0,58.1,2,0,1,0,0,0,0,2,13.0,0
4,0.2233,328.0,32.0,41.9,53.8,1,0,0,1,0,0,0,1,29.0,1
2,0.4113,462.0,97.9,35.2,76.8,0,1,0,1,0,0,0,0,28.0,1
1,,503.0,32.6,7.1,,0,0,0,0,1,0,1,2,35.0,1
1,0.1273,425.0,50.8,53.9,78.6,0,0,0,0,0,0,0,1,43.0,0
2,0.1297,614.0,58.2,42.7,83.4,1,0,0,1,0,0,0,0,15.0,1
7,0.1896,435.0,56.8,61.0,,1,0,1,0,0,1,0,2,30.0,1
1,,303.0,48.6,25.4,53.9,1,0,0,0,0,0,0,2,14.0,1
1,0.3803,545.0,48.7,45.3,78.6,1,0,1,0,0,0,0,0,31.0,1
1,0.199,262.0,47.8,62.1,69.5,0,0,1,0,0,0,0,1,29.0,0
1,0.2187,281.0,31.9,39.6,100.0,0,0,0,0,1,0,0,0,11.0,1
4,,755.0,90.7,61.1,67.0,1,0,1,0,0,1,0,0,22.0,0
3,0.3944,701.0,48.0,46.6,73.2,0,0,0,0,1,0,0,0,29.0,1
1,0.174,275.0,62.7,54.5,66.6,1,0,0,0,1,1,0,1,42.0,1
3,0.2095,224.0,46.0,63.9,60.4,1,0,1,1,1,0,0,2,49.0,1
0,0.2822,605.0,45.6,69.3,57.9,0,0,0,0,1,0,0,0,17.0,0
2,0.2053,437.0,43.8,56.4,66.7,2,0,1,0,0,0,1,3,65.0,1
0,0.1774,322.0,24.1,42.8,70.3,0,0,0,1,1,0,0,1,51.0,1
4,0.2582,,49.1,48.1,80.5,1,0,0,0,0,0,1,0,14.0,1
3,0.3744,345.0,44.7,64.6,66.9,1,0,0,0,0,0,0,1,11.0,1
1,0.5302,273.0,73.1,39.7,54.6,0,0,0,0,0,0,1,1,16.0,1
3,0.3335,199.0,,52.3,56.8,2,0,0,0,0,0,1,1,9.0,1
1,0.3335,296.0,,49.2,40.8,1,0,0,1,0,1,0,2,,0
3,0.2166,332.0,35.8,53.4,88.6,2,0,0,0,1,0,0,1,87.0,0
1,,224.0,78.0,39.9,53.3,0,0,0,1,0,1,0,0,76.0,1
1,0.3072,454.0,36.4,27.2,77.5,1,0,1,0,0,0,0,2,13.0,1
3,0.2656,583.0,62.1,62.8,66.4,3,0,0,0,0,0,0,1,52.0,0
2,0.1041,480.0,69.5,69.5,66.9,2,0,0,0,1,0,0,1,36.0,0
5,0.2275,257.0,49.4,28.1,60.1,0,0,1,0,0,0,0,1,4.0,0
4,0.2452,444.0,27.2,60.5,49.4,0,0,1,1,0,0,0,1,,1
4,0.1938,306.0,27.4,71.2,46.5,0,0,1,0,1,1,1,2,27.0,1
1,0.4843,140.0,67.5,63.9,89.7,2,0,1,1,1,0,1,1,89.0,0
2,0.2964,,29.3,48.7,63.8,1,0,0,0,0,0,0,2,16.0,0
2,,305.0,59.1,40.8,80.0,0,0,0,0,0,0,0,1,43.0,1
2,0.2631,1172.0,54.1,64.2,84.2,0,0,1,1,0,0,0,0,23.0,1
2,0.2381,627.0,58.8,58.7,55.4,1,0,0,0,1,0,0,3,14.0,0
6,0.1729,451.0,60.5,,,2,0,1,0,0,0,1,1,18.0,1
2,0.2291,323.0,35.2,52.3,62.7,1,0,0,0,0,0,1,0,84.0,0
1,0.2159,302.0,34.4,38.8,43.5,0,0,1,0,0,1,0,1,24.0,1
3,0.114,165.0,64.9,61.3,59.0,1,0,1,1,0,1,0,0,51.0,0
7,0.2284,120.0,40.7,62.1,71.4,0,0,0,0,0,0,0,1,55.0,0
0,0.169,167.0,2.5,58.0,54.0,0,0,0,0,0,0,0,2,22.0,0
0,0.2535,263.0,63.7,,56.8,0,0,1,0,0,1,0,0,9.0,1
1,0.2763,87.0,33.3,80.2,59.2,1,0,1,1,1,0,0,2,15.0,1
2,0.1653,209.0,60.4,45.6,95.8,2,0,1,1,0,0,0,1,,1
4,0.3322,,77.1,74.2,32.7,0,0,1,1,1,1,0,1,38.0,1
3,0.2187,255.0,52.3,44.0,70.0,1,0,0,0,0,0,0,0,6.0,0
3,0.0499,200.0,59.9,71.6,57.9,0,0,0,0,0,0,0,1,54.0,0
1,0.1642,229.0,54.8,73.5,51.7,1,0,0,0,0,1,0,0,6.0,1
2,0.4121,726.0,80.6,50.6,57.6,1,0,1,1,0,0,0,1,14.0,0
1,0.085,397.0,22.9,79.9,72.7,1,0,0,0,1,1,0,1,,1
2,0.2422,207.0,51.9,62.0,73.6,1,0,0,0,0,0,0,1,208.0,1
1,0.5127,,64.1,41.8,65.0,0,0,1,0,1,0,1,3,83.0,1
1,0.1411,272.0,48.6,,79.5,2,0,0,1,0,1,0,2,21.0,1
3,0.242,188.0,72.7,72.0,82.3,0,0,1,0,0,0,1,3,36.0,1
0,0.0985,177.0,34.2,68.8,75.1,1,0,0,0,0,1,0,1,58.0,0
3,0.5915,501.0,89.2,39.1,53.3,2,0,0,1,0,0,0,3,110.0,1
2,0.2174,,90.2,,69.9,0,0,0,1,1,0,0,4,40.0,1
2,0.2336,154.0,57.1,,70.0,2,0,1,0,0,0,0,2,26.0,1
5,0.574,,61.9,47.4,,1,0,1,1,0,0,0,0,13.0,1
0,0.2905,289.0,73.5,90.4,36.9,0,0,0,0,1,1,0,2,65.0,1
2,0.1406,95.0,30.6,58.5,29.6,1,0,0,0,0,1,0,1,63.0,1
1,0.1502,270.0,28.4,54.1,63.1,0,0,0,0,0,0,0,1,6.0,0
0,0.2651,436.0,,72.9,66.8,1,0,0,0,0,1,0,1,20.0,0
0,0.1432,347.0,56.9,49.5,43.1,0,0,0,0,0,0,0,1,10.0,0
4,0.0801,,37.9,78.1,,1,0,0,0,1,1,0,4,55.0,1
3,0.2347,571.0,52.2,30.0,64.4,1,0,1,0,0,0,1,0,9.0,1
1,0.095,,1.0,48.2,83.6,0,0,1,1,0,1,0,0,9.0,0
6,,,,78.7,67.9,1,0,0,0,1,0,0,0,,1
2,0.2509,427.0,38.4,78.6,44.9,3,0,1,1,0,0,1,0,21.0,1
3,,,68.5,43.4,69.3,0,0,0,0,0,1,0,2,30.0,0
1,0.146,471.0,69.9,41.7,72.7,1,0,1,0,1,0,0,3,61.0,0
0,0.0714,199.0,52.4,63.5,53.2,2,0,0,0,0,1,0,4,86.0,0
2,0.1243,,59.1,45.7,38.9,0,0,0,0,0,0,0,2,22.0,0
1,0.3749,193.0,25.0,51.0,63.6,1,0,1,0,1,0,0,1,25.0,0
0,0.689,337.0,62.6,68.1,46.0,0,1,0,0,0,0,0,0,18.0,1
3,0.3604,201.0,63.3,46.8,,2,0,1,1,1,1,0,2,90.0,1
1,0.2038,189.0,74.4,25.5,55.5,0,0,1,1,0,1,0,1,26.0,0
2,,353.0,90.1,35.5,,3,0,1,0,0,0,0,3,28.0,0
5,0.161,277.0,,55.1,,3,0,0,0,0,0,0,3,48.0,1
0,0.6268,94.0,45.0,27.0,,0,0,0,0,0,0,0,1,120.0,1
0,0.182,121.0,38.6,50.5,84.9,1,0,0,1,1,1,0,2,40.0,1
0,0.6464,144.0,55.1,34.1,47.8,0,0,0,0,0,1,0,1,22.0,1
4,,180.0,52.2,79.6,59.5,1,0,1,0,0,1,1,1,131.0,1
2,0.0874,354.0,37.8,87.5,,2,0,0,0,0,0,0,0,71.0,1
1,0.1486,311.0,70.5,39.1,51.1,0,0,0,0,0,1,0,1,71.0,0
4,0.1776,526.0,32.2,58.9,65.9,1,0,0,1,0,0,0,0,16.0,0
2,0.2179,426.0,33.3,,41.3,1,0,1,0,0,1,0,1,17.0,0
3,0.2338,,33.6,50.4,60.2,0,0,1,0,0,0,0,1,6.0,0
1,1.0,386.0,45.5,82.1,70.3,1,1,0,0,1,0,0,0,65.0,1
1,0.1185,310.0,29.9,48.0,58.6,1,1,0,0,1,0,0,2,41.0,0
2,0.2582,515.0,51.1,50.7,46.0,0,0,1,0,0,1,0,1,7.0,1
4,,486.0,49.0,,78.5,1,0,0,0,1,0,0,2,100.0,1
1,0.2142,339.0,37.8,72.2,73.7,1,0,1,0,0,0,0,0,19.0,0
5,0.2896,601.0,,6.1,45.3,2,0,1,1,0,1,0,3,,1
2,0.1281,77.0,50.9,48.4,41.3,0,0,1,0,0,1,0,2,,0
1,0.2273,235.0,71.1,54.3,,0,0,0,0,1,0,0,1,50.0,1
2,,238.0,48.5,45.1,70.7,1,0,1,0,0,0,0,2,47.0,1
0,0.2418,510.0,51.6,,66.4,1,0,1,1,0,0,0,2,30.0,1
1,0.2933,655.0,41.9,73.0,74.6,2,0,0,1,0,0,0,1,20.0,0
2,0.4951,127.0,51.9,33.8,56.8,1,0,1,0,0,0,0,0,201.0,1
3,,,64.8,86.4,47.2,1,0,0,0,1,0,0,2,15.0,1
6,0.301,160.0,44.6,33.7,76.7,1,0,1,0,0,0,1,3,,1
2,0.1195,150.0,61.3,74.3,53.1,0,1,1,0,1,0,0,1,60.0,1
1,0.1541,243.0,37.4,,65.0,0,0,0,1,0,0,0,3,,0
1,0.19,232.0,65.7,47.4,37.2,2,1,0,1,0,0,0,3,15.0,0
2,0.2615,119.0,41.6,48.9,52.9,0,0,0,0,1,0,0,2,94.0,1
1,0.1648,394.0,67.3,54.5,,0,0,0,1,0,0,0,2,51.0,0
2,0.1361,409.0,53.1,58.1,50.5,2,0,1,1,0,0,0,0,36.0,0
4,0.1335,523.0,79.4,,75.0,2,0,0,0,0,0,0,0,28.0,1
2,0.0918,222.0,,51.5,24.7,1,0,1,1,0,1,0,1,16.0,0
2,0.2,275.0,25.4,43.4,53.0,1,0,0,0,0,1,0,0,20.0,0
2,0.1014,277.0,40.9,36.8,59.3,0,0,1,1,0,0,0,1,26.0,0
0,,684.0,27.1,42.7,89.9,0,0,1,0,1,0,0,4,95.0,0
0,,57.0,27.1,37.8,43.3,0,0,1,0,1,1,0,3,60.0,1
1,0.1028,163.0,,48.7,72.7,0,0,1,0,0,0,0,0,12.0,0
4,,294.0,51.9,61.5,78.9,2,1,1,1,0,0,0,0,46.0,1
0,0.3033,149.0,,56.8,50.5,0,1,0,0,0,0,0,1,7.0,0
1,0.1585,239.0,45.0,84.6,56.0,1,0,1,0,1,0,1,1,,1
0,0.1588,252.0,,21.8,,0,0,0,0,0,0,0,1,11.0,1
1,0.2881,192.0,81.7,62.0,38.3,1,1,0,0,1,0,0,1,17.0,0
5,0.184,310.0,38.8,55.1,54.7,0,0,0,0,0,1,0,1,129.0,1
2,0.148,398.0,28.2,67.2,82.4,2,0,1,0,0,0,0,1,9.0,1
2,0.4396,247.0,,65.7,70.4,2,0,1,1,0,0,0,2,16.0,1
1,,215.0,48.1,,59.5,1,0,0,0,0,1,0,0,37.0,0
3,,262.0,88.7,57.6,63.8,1,0,1,0,0,0,1,0,17.0,1
3,0.4022,286.0,42.5,43.8,71.3,0,0,0,0,0,0,0,2,35.0,1
0,0.0681,104.0,57.2,64.2,74.4,0,0,1,1,1,1,0,1,106.0,1
5,0.5738,385.0,71.5,26.8,53.1,1,0,0,0,0,0,0,1,47.0,0
0,0.2505,211.0,42.6,66.7,86.6,1,0,0,0,1,0,0,1,23.0,1
1,0.3738,552.0,38.6,54.7,,2,0,0,1,0,0,0,1,25.0,1
2,0.2817,390.0,65.3,47.7,72.8,2,0,0,1,0,0,0,1,42.0,1
4,,558.0,62.3,51.5,48.5,0,0,1,1,0,1,0,2,52.0,1
3,0.2077,165.0,26.6,52.6,45.7,1,0,1,0,0,0,0,0,25.0,1
3,0.2958,234.0,31.7,74.5,56.8,0,0,1,0,0,1,0,2,42.0,1
2,0.1918,142.0,6.3,100.0,63.0,1,0,0,0,0,0,0,0,33.0,0
2,0.3669,191.0,62.7,73.3,33.7,1,0,0,0,0,1,1,2,29.0,0
1,0.0896,549.0,37.3,46.5,69.9,1,0,0,0,1,0,0,1,21.0,0
4,0.1905,664.0,49.1,64.4,82.6,0,0,0,0,0,1,0,0,44.0,1
2,0.7009,150.0,21.6,65.1,71.2,0,0,0,0,0,0,0,3,44.0,1
4,0.1819,228.0,32.2,41.1,51.2,1,0,0,0,1,1,0,0,6.0,0
1,0.188,265.0,43.4,36.1,49.3,0,1,1,0,0,1,0,2,16.0,1
1,0.1319,381.0,39.9,54.1,66.8,0,0,1,0,1,0,0,1,23.0,0
2,0.2738,107.0,,67.1,59.5,1,0,1,1,0,0,0,0,21.0,0
0,0.1347,112.0,62.5,30.8,69.1,1,0,0,0,0,0,0,2,82.0,0
2,0.2055,,92.9,,71.6,0,0,0,0,0,0,0,1,358.0,0
6,0.4616,104.0,,63.6,79.5,0,0,0,0,0,0,0,3,5.0,1
1,,,72.1,55.6,43.9,0,0,0,0,0,0,1,1,35.0,0
1,0.3308,302.0,37.1,,65.5,1,1,0,0,0,1,0,2,,1
1,0.337,,21.9,33.8,56.2,0,1,1,0,0,1,0,0,21.0,0
1,0.383,255.0,45.7,90.3,60.4,0,0,0,1,0,0,1,0,38.0,1
2,0.2459,230.0,23.2,31.9,75.8,0,0,0,1,0,0,0,3,40.0,1
4,1.0,466.0,52.3,24.6,77.6,0,0,0,0,0,0,0,3,26.0,1
1,0.3829,323.0,38.0,54.1,,0,0,1,1,0,1,0,2,32.0,0
0,0.2414,189.0,16.8,,68.8,0,0,0,0,0,1,0,1,43.0,1
6,0.1788,311.0,83.2,54.4,60.2,2,0,1,0,0,0,0,2,45.0,0
0,0.1914,334.0,42.3,,58.0,0,0,0,0,0,0,0,1,,0
2,0.4988,724.0,22.5,52.1,34.2,3,0,0,0,0,0,0,0,15.0,0
0,0.517,417.0,,42.4,83.4,3,0,1,1,0,0,0,1,264.0,1
2,0.5133,549.0,38.9,61.5,56.8,2,0,0,0,1,1,0,1,45.0,1
0,0.3109,193.0,71.6,,70.1,0,0,1,0,0,0,0,0,45.0,1
2,0.1141,211.0,38.8,71.6,72.9,1,0,0,0,0,0,1,1,18.0,0
4,0.3355,,42.3,52.3,42.1,0,0,0,0,0,0,0,1,32.0,1
1,0.1083,255.0,58.2,40.5,47.2,0,0,0,0,0,0,0,1,32.0,0
0,0.0891,155.0,52.7,29.7,86.8,0,0,1,0,0,0,0,0,5.0,0
4,0.2927,588.0,65.8,,,0,0,1,0,1,0,0,2,21.0,1
3,,467.0,50.4,36.0,52.7,1,0,1,0,0,0,0,1,15.0,1
3,0.3973,243.0,61.5,34.8,60.0,1,0,0,0,1,0,0,0,19.0,1
1,0.2818,393.0,65.4,62.9,79.4,3,0,0,0,1,1,0,1,14.0,1
3,0.3238,325.0,55.6,28.3,76.9,0,0,0,0,0,1,1,1,29.0,0
2,0.1324,418.0,,76.2,38.5,2,1,0,0,0,0,0,1,,1
6,0.2731,146.0,,57.4,88.1,1,0,0,0,0,0,0,2,35.0,1
5,0.119,276.0,62.8,54.3,77.5,0,0,1,0,1,1,0,2,15.0,1
2,0.0756,273.0,42.8,39.5,59.6,1,0,0,0,0,0,0,3,,0
2,0.3421,397.0,44.6,,,0,0,0,0,0,1,0,2,23.0,1
5,0.1801,212.0,75.0,55.0,78.9,1,0,1,1,0,0,0,1,9.0,1
1,0.3464,70.0,26.3,,69.6,3,0,0,0,0,0,0,1,35.0,1
4,0.4722,162.0,,58.0,38.7,0,0,1,0,0,0,0,0,72.0,1
7,0.2186,301.0,51.6,29.8,58.3,0,0,0,0,1,1,0,3,,0
1,0.2966,286.0,57.7,30.5,100.0,1,0,0,0,0,0,0,1,29.0,0
4,0.1784,740.0,44.9,38.2,62.3,1,0,0,1,1,0,0,2,27.0,0
2,0.0825,388.0,12.0,60.2,50.1,0,0,0,1,0,1,0,1,17.0,0
0,0.2161,,,55.0,45.9,2,0,1,0,0,1,1,1,32.0,1
2,0.1757,276.0,58.0,70.7,90.4,1,0,0,1,0,0,0,0,14.0,1
0,0.1585,496.0,64.2,41.2,75.6,1,0,0,0,0,0,0,2,16.0,1
0,0.5984,195.0,,63.6,84.5,1,0,0,0,0,0,0,1,8.0,1
1,0.0926,,2.5,53.3,66.0,0,0,0,0,0,0,0,1,29.0,0
3,0.2984,158.0,24.3,40.9,,1,0,0,0,0,0,1,0,58.0,1
1,,602.0,88.9,60.8,48.4,0,1,1,0,1,0,0,1,59.0,1
3,0.3983,356.0,32.3,54.0,64.6,0,0,0,0,0,1,1,0,81.0,0
2,0.2682,191.0,77.7,45.6,66.6,0,0,0,0,1,1,1,5,32.0,0
2,0.2804,264.0,35.2,,84.1,1,0,0,1,0,1,1,1,55.0,1
3,0.1437,380.0,48.7,53.1,67.1,2,0,0,0,0,0,0,0,10.0,0
3,0.1586,250.0,63.3,52.7,52.0,1,0,0,0,1,0,0,3,76.0,1
4,0.4274,218.0,37.2,48.8,63.0,0,0,1,1,1,0,0,1,,1
4,0.6797,204.0,80.7,,35.2,0,0,1,0,1,0,0,2,57.0,1
3,0.3148,346.0,53.4,56.1,24.9,0,0,1,0,1,0,0,3,162.0,1
2,0.139,231.0,60.3,43.0,75.3,0,0,0,0,0,0,0,0,15.0,1
2,0.2743,,47.2,39.7,56.0,0,0,0,0,1,0,1,3,39.0,0
1,0.8147,132.0,63.9,51.4,57.8,2,0,1,0,0,0,0,0,12.0,0
6,0.3062,318.0,80.4,,75.3,1,0,0,0,0,0,0,3,36.0,1
2,0.5087,255.0,,57.8,84.4,0,1,0,0,0,0,0,0,30.0,1
3,0.1609,241.0,83.1,47.0,70.6,1,0,1,0,0,0,0,2,32.0,1
0,,302.0,41.0,46.4,92.8,2,1,0,1,0,0,0,1,,1
5,0.3832,451.0,65.8,64.5,,1,0,1,1,0,0,0,0,17.0,1
1,0.2667,406.0,60.8,19.0,66.8,1,0,0,0,0,0,0,1,36.0,0
2,0.1493,381.0,32.8,67.0,65.8,2,0,0,1,1,0,0,0,26.0,1
1,0.1373,242.0,55.8,26.9,41.4,1,0,0,1,0,0,0,1,,1
1,0.3692,202.0,52.1,33.8,77.3,1,0,0,1,0,0,0,4,9.0,0
4,0.4943,,36.6,47.3,22.9,0,0,0,0,0,0,0,1,17.0,1
2,0.5229,,58.4,87.6,52.6,0,0,1,0,1,0,0,0,10.0,0
3,0.6519,290.0,54.6,,62.4,2,0,1,0,1,0,1,1,17.0,1
5,0.2935,194.0,50.7,65.6,49.4,0,0,0,1,0,0,1,1,20.0,0
2,0.1918,297.0,50.8,60.3,54.8,1,0,0,0,1,1,1,2,34.0,1
4,0.5396,172.0,,,91.4,0,0,0,1,0,1,1,3,21.0,0
3,0.3578,115.0,45.4,57.4,79.7,1,0,0,0,1,0,0,1,195.0,1
1,0.1249,433.0,,46.8,51.0,1,0,1,0,0,1,0,1,10.0,1
2,0.1289,217.0,40.4,42.7,54.5,2,0,0,0,0,0,0,2,82.0,0
2,0.2984,178.0,99.8,57.3,41.6,3,0,1,1,0,0,0,2,27.0,1
2,0.2065,154.0,26.6,47.9,73.3,0,0,0,0,0,0,0,2,18.0,1
1,0.2113,348.0,41.5,68.0,58.0,1,0,0,0,0,1,0,1,44.0,0
1,0.3867,588.0,42.9,26.0,30.5,0,0,1,1,0,0,1,1,19.0,1
0,0.3065,217.0,88.7,56.1,63.6,0,0,0,0,0,0,0,1,15.0,1
1,0.4455,245.0,28.2,41.8,69.0,1,0,0,0,0,0,0,0,103.0,1
1,0.0741,497.0,49.7,48.9,77.4,0,0,0,0,0,0,0,3,6.0,0
4,0.295,108.0,56.5,59.6,60.8,1,0,1,1,0,0,0,2,26.0,1
1,0.3141,,58.0,,,0,0,0,0,1,0,1,2,44.0,1
1,0.0926,1058.0,64.3,65.5,93.8,1,0,0,0,0,1,0,1,85.0,0
3,0.1686,65.0,73.9,51.8,62.1,1,0,0,0,0,0,0,0,,0
3,0.1522,272.0,43.9,45.1,73.5,1,0,0,0,1,0,0,2,320.0,1
2,0.2304,190.0,55.5,47.9,53.4,0,0,1,0,0,1,0,3,,0
2,0.5573,243.0,,52.7,73.0,0,0,0,0,0,0,0,0,4.0,1
1,0.6521,219.0,53.8,43.5,38.7,1,0,0,1,0,0,0,1,9.0,0
0,0.129,423.0,37.7,55.1,54.6,0,0,0,0,1,0,0,0,36.0,1
3,0.3229,270.0,48.6,50.8,42.7,1,0,0,1,0,0,0,0,10.0,1
0,0.2745,164.0,21.7,45.8,52.3,1,1,1,1,0,0,1,1,43.0,1
1,0.2653,251.0,59.3,78.8,,0,0,0,0,0,0,0,2,22.0,1
3,0.301,381.0,21.5,61.2,52.2,1,0,1,0,1,0,0,1,13.0,0
0,0.2386,141.0,54.7,49.3,73.5,0,0,0,0,0,0,0,0,11.0,0
0,0.5108,109.0,29.9,57.2,86.3,0,0,1,0,1,1,0,1,67.0,1
2,,842.0,36.7,47.6,61.6,0,0,0,0,0,1,0,3,7.0,1
2,0.1271,198.0,,48.4,77.9,1,0,0,0,0,0,0,2,72.0,0
1,0.3321,256.0,62.6,50.2,70.5,1,0,0,0,0,0,0,1,65.0,1
6,0.4727,245.0,72.7,36.3,63.9,0,0,0,0,1,1,0,0,23.0,1
7,0.3654,421.0,80.1,60.8,74.0,1,0,1,0,0,0,1,1,9.0,1
5,0.5078,792.0,38.1,,91.4,2,0,1,0,0,0,0,5,70.0,1
6,0.3209,419.0,79.0,49.7,51.8,0,0,0,0,0,0,0,3,24.0,0
4,0.2866,127.0,,46.5,,1,0,0,0,0,0,0,0,7.0,1
1,0.2292,129.0,65.4,99.4,45.7,1,0,1,0,0,0,1,1,127.0,1
2,0.075,226.0,33.1,45.1,77.9,0,0,0,0,0,0,0,0,12.0,1
3,0.2313,248.0,35.3,24.0,80.1,0,0,0,0,0,0,0,2,10.0,1
1,0.1484,107.0,63.1,31.0,53.4,0,0,1,0,0,0,0,1,35.0,0
3,0.1259,451.0,69.0,66.4,27.8,2,0,0,0,0,0,0,0,23.0,1
1,0.4718,152.0,,75.0,51.2,1,1,0,0,0,0,0,2,102.0,0
2,0.3004,640.0,55.9,44.8,70.8,1,0,0,1,1,0,0,0,22.0,1
2,0.2239,,54.4,74.2,60.9,1,0,0,0,0,0,1,2,23.0,1
1,,241.0,61.5,66.1,64.9,2,0,1,0,0,0,0,2,41.0,0
3,0.2845,366.0,57.5,52.2,53.6,1,0,1,0,0,0,0,2,,0
7,0.5301,158.0,61.7,51.1,78.2,2,0,1,1,0,0,1,1,33.0,1
0,0.1281,381.0,55.7,57.7,67.5,1,0,0,1,0,1,0,2,39.0,0
2,0.227,214.0,67.2,68.2,71.4,1,0,1,0,0,0,0,1,32.0,1
3,0.3896,,,61.0,,0,0,1,0,1,1,0,1,24.0,0
3,0.0833,245.0,39.6,44.8,70.4,1,0,0,0,0,0,0,1,54.0,0
2,0.2205,218.0,27.1,52.4,69.3,1,0,1,1,0,0,0,1,21.0,0
0,0.1594,226.0,57.0,84.7,47.2,2,0,1,0,0,0,0,2,59.0,1
1,0.1992,,81.6,58.8,68.0,0,0,1,1,0,1,0,3,107.0,1
4,0.1948,190.0,43.5,68.0,74.7,1,0,1,0,0,0,0,3,20.0,1
0,0.2178,,54.3,63.1,80.5,0,0,0,0,1,0,0,1,231.0,1
1,0.6175,133.0,65.6,59.1,68.7,0,0,0,0,1,0,0,0,17.0,0
1,0.1794,671.0,14.8,56.6,46.6,0,0,1,0,0,0,0,3,,0
1,0.2517,158.0,42.6,68.5,49.0,1,0,1,0,0,0,0,0,38.0,1
4,0.7688,293.0,58.6,65.8,55.0,0,0,0,0,0,1,0,1,39.0,1
1,0.1584,211.0,1.0,59.0,65.0,2,0,0,0,0,0,0,1,29.0,0
2,0.6176,233.0,34.4,,60.0,1,0,0,0,0,1,0,0,47.0,1
4,0.2574,455.0,71.8,60.8,44.0,1,0,1,1,1,0,0,1,41.0,1
1,0.5712,629.0,70.1,54.0,43.9,0,0,0,1,0,1,0,1,144.0,1
2,0.3439,,58.7,50.4,28.4,0,0,0,0,0,1,0,0,24.0,0
3,0.2862,230.0,67.9,95.2,12.1,1,0,0,0,0,0,1,1,14.0,1
3,0.2331,318.0,55.9,31.9,59.9,1,0,0,0,0,1,0,1,18.0,0
2,0.1615,183.0,62.0,69.4,99.1,0,1,1,1,1,1,0,2,56.0,1
3,0.252,166.0,46.3,42.1,90.7,1,0,0,0,1,0,0,0,44.0,0
5,0.4464,159.0,54.1,57.0,46.3,0,0,0,1,1,0,0,1,40.0,1
1,0.2128,217.0,40.6,93.5,64.4,0,0,0,0,1,0,0,0,15.0,0
2,0.1913,323.0,74.7,40.6,38.6,0,0,1,0,0,0,0,2,76.0,1
2,0.1983,98.0,79.4,44.1,41.0,0,0,0,0,0,0,0,0,,1
3,0.4172,280.0,76.8,54.7,42.8,1,0,0,0,0,0,0,0,25.0,0
1,0.4206,635.0,44.7,42.3,58.4,0,0,0,0,0,0,1,3,150.0,1
3,0.1675,532.0,,68.3,59.1,0,0,1,0,0,0,0,0,49.0,1
2,0.1576,204.0,75.0,47.0,66.0,1,0,1,1,0,0,0,1,163.0,1
2,0.2805,,61.8,64.8,72.6,2,0,1,0,1,0,1,0,44.0,1
1,0.4967,355.0,57.9,35.1,56.6,2,0,0,0,0,1,0,1,31.0,1
2,0.4275,79.0,40.6,27.9,62.6,1,0,1,0,1,0,0,3,84.0,0
1,0.1077,508.0,59.7,51.6,44.5,1,0,1,0,1,0,0,3,30.0,0
4,0.222,260.0,32.5,31.5,40.5,0,0,0,0,1,0,1,2,53.0,1
1,0.1285,755.0,,77.8,38.0,1,0,1,1,0,1,0,4,115.0,1
4,0.2215,113.0,76.8,32.1,72.4,4,0,1,0,0,0,0,1,53.0,1
4,0.6203,485.0,81.4,39.4,56.6,2,0,1,1,0,0,0,0,24.0,1
2,0.1041,266.0,64.8,61.2,32.1,1,0,1,1,0,0,0,3,41.0,0
1,,230.0,17.1,46.2,61.0,0,0,0,0,0,0,1,0,45.0,0
4,0.1627,138.0,55.6,32.2,42.0,0,0,0,1,1,1,1,1,60.0,0
5,0.3192,415.0,90.5,85.6,88.6,0,0,0,0,0,0,0,0,45.0,0
3,0.3401,416.0,36.4,40.0,52.7,0,0,0,0,0,0,0,2,41.0,1
3,0.3075,766.0,50.9,52.1,72.9,1,0,0,0,1,0,0,1,,0
2,0.4346,490.0,77.4,51.9,79.4,4,0,0,0,0,1,0,1,16.0,1
2,0.0863,203.0,53.1,65.7,46.7,0,0,1,0,1,0,0,0,43.0,0
2,,162.0,96.6,61.9,63.2,1,0,0,0,0,1,0,2,61.0,1
4,0.2162,138.0,38.8,,70.9,0,0,1,0,0,0,0,6,88.0,0
2,0.3404,633.0,34.2,50.1,63.8,0,1,0,1,0,0,1,0,14.0,1
2,0.1099,183.0,74.0,51.6,67.8,1,0,0,0,0,0,0,4,35.0,0
0,0.2024,610.0,30.5,66.2,40.7,0,0,0,0,0,0,0,2,12.0,0
1,0.2441,368.0,48.5,37.5,70.9,1,0,0,1,1,1,1,1,11.0,1
1,0.4048,,50.8,85.3,,0,0,0,0,1,0,0,0,32.0,1
2,0.0952,238.0,,43.6,67.6,0,0,0,0,0,0,0,1,82.0,0
2,0.2315,405.0,63.1,54.9,76.7,0,0,1,0,0,0,0,3,38.0,0
3,0.1331,285.0,,37.6,72.7,1,0,0,0,0,0,0,2,144.0,1
3,0.3192,234.0,44.8,,67.6,0,0,0,0,0,1,0,2,27.0,1
2,0.3491,413.0,73.9,41.9,72.3,0,0,0,0,0,0,0,2,32.0,1
2,0.4621,260.0,100.0,40.4,73.0,3,0,0,0,0,0,0,2,14.0,0
0,0.1504,174.0,64.4,48.8,85.9,1,0,0,0,0,0,0,1,21.0,0
1,0.357,384.0,53.8,40.3,61.5,0,0,0,0,0,0,0,1,11.0,0
1,0.4532,266.0,28.6,,64.6,1,0,1,0,0,1,0,2,9.0,1
2,,368.0,,43.3,76.9,1,0,1,0,1,0,0,1,13.0,1
1,0.3002,215.0,48.2,41.6,54.2,0,0,1,0,0,1,0,1,30.0,1
1,0.3632,142.0,42.4,49.1,40.6,1,0,1,1,0,1,0,2,17.0,0
1,0.1859,716.0,51.7,69.9,69.9,0,0,0,1,0,0,1,0,16.0,1
1,0.1101,646.0,84.0,58.2,58.7,2,0,0,0,0,0,0,1,38.0,0
2,0.3824,458.0,74.4,53.5,42.7,0,0,0,0,1,0,0,4,14.0,1
1,0.1108,223.0,,33.5,70.0,0,1,0,0,0,0,0,2,33.0,0
1,0.1944,234.0,30.3,37.9,84.9,0,0,0,0,1,0,0,3,85.0,0
4,0.2511,627.0,76.1,35.8,35.9,0,0,0,0,0,1,0,3,74.0,1
1,0.3178,227.0,,74.6,78.4,0,0,1,0,0,0,0,4,60.0,0
0,0.143,191.0,20.9,63.0,21.4,3,0,0,0,0,0,0,2,30.0,0
0,0.1386,757.0,64.8,,55.6,3,0,0,0,0,0,0,2,19.0,0
2,0.2404,274.0,70.5,46.5,91.4,2,0,1,0,0,0,1,1,26.0,1
3,0.4204,759.0,8.3,42.6,56.7,0,0,0,1,0,0,0,2,117.0,1
1,0.7543,128.0,,41.7,63.4,0,0,0,0,0,0,0,3,44.0,0
1,0.0936,367.0,40.0,61.9,74.2,0,0,0,0,0,0,1,1,25.0,0
1,0.255,862.0,65.2,58.7,34.5,0,0,0,0,0,0,0,1,43.0,1
1,0.1179,280.0,42.7,86.2,63.2,0,0,1,1,0,0,0,0,26.0,1
1,0.3754,239.0,37.0,,63.0,0,0,1,0,0,1,0,1,33.0,1
2,0.1359,148.0,65.1,74.6,91.8,0,0,0,0,1,0,0,2,31.0,0
1,0.1479,500.0,43.6,65.1,42.2,1,0,0,0,0,1,0,0,18.0,0
2,0.1646,184.0,61.8,48.7,,0,0,0,0,0,0,1,1,61.0,1
5,0.2613,284.0,32.0,64.0,47.1,0,0,0,0,0,0,0,1,6.0,1
3,0.2887,146.0,27.7,49.8,45.4,0,0,0,0,0,1,0,0,36.0,0
2,0.297,663.0,65.6,79.5,80.0,1,0,0,0,0,0,0,1,19.0,1
2,0.2269,531.0,,,62.4,0,0,1,0,0,0,0,2,7.0,0
3,0.1163,282.0,68.6,58.9,53.1,1,0,1,0,1,0,1,0,14.0,1
2,0.3397,149.0,42.4,56.9,53.7,3,0,1,0,1,0,0,2,37.0,0
1,0.2082,642.0,37.7,81.1,53.0,3,0,1,0,0,0,0,0,27.0,1
1,0.4061,226.0,76.5,33.5,54.4,1,0,0,0,1,0,0,3,78.0,1
5,0.1847,163.0,24.6,82.6,41.8,0,0,1,1,0,1,1,2,,0
3,0.1001,109.0,74.5,,57.9,1,0,1,0,1,0,0,2,11.0,0
3,0.2372,201.0,75.8,33.9,56.3,0,0,0,0,0,0,0,2,42.0,1
1,0.4373,,67.5,43.7,49.9,1,0,0,1,1,0,0,0,54.0,1
4,0.2804,208.0,39.6,,64.5,4,0,0,0,0,0,0,1,33.0,1
2,0.204,424.0,37.3,64.8,65.8,0,0,1,0,0,0,0,1,41.0,0
1,0.1328,224.0,48.2,,,1,0,1,0,1,0,1,1,7.0,0
3,0.6356,349.0,28.7,57.5,59.7,0,0,1,0,0,0,0,2,14.0,1
2,0.1292,189.0,34.7,72.0,96.5,1,0,0,0,0,0,0,2,93.0,1
4,0.1722,304.0,63.6,44.9,95.9,0,0,1,0,0,0,0,0,20.0,0
1,0.2933,794.0,63.7,51.0,45.1,1,0,0,1,0,0,0,1,164.0,1
1,0.0772,228.0,23.1,35.4,47.4,1,0,0,0,0,1,0,0,9.0,0
3,0.4873,355.0,64.2,49.2,45.0,1,0,0,0,0,0,0,4,139.0,1
3,0.3407,121.0,60.2,,78.9,1,0,1,0,0,0,0,2,19.0,0
3,0.3964,663.0,,66.7,55.6,0,0,1,0,1,0,0,1,67.0,1
2,0.3094,216.0,62.2,51.0,65.8,1,0,0,0,0,0,0,1,22.0,0
4,0.2349,522.0,71.1,45.8,94.0,1,0,0,0,1,0,0,0,33.0,1
4,0.143,274.0,60.6,54.4,61.8,0,0,0,0,0,1,1,1,45.0,1
3,0.2238,402.0,69.6,57.0,73.3,0,0,0,1,1,0,0,1,21.0,1
5,0.1594,432.0,28.8,48.7,70.3,1,0,1,0,1,0,0,0,57.0,0
5,0.3561,233.0,49.8,63.0,52.6,0,0,0,0,1,1,1,0,24.0,0
3,0.3767,524.0,51.3,40.7,78.9,1,0,0,0,0,1,1,1,32.0,0
4,0.5782,193.0,47.6,40.6,48.4,2,0,0,0,0,0,0,2,4.0,1
1,0.263,423.0,60.0,60.6,83.4,1,0,1,0,1,1,0,2,29.0,1
2,0.3785,227.0,63.4,37.5,,2,0,1,1,0,0,0,1,76.0,1
0,,328.0,,65.9,54.4,2,0,0,0,0,0,0,0,,0
3,0.1858,223.0,48.8,54.8,44.6,0,0,0,0,0,0,0,0,50.0,0
3,0.3136,295.0,38.8,,47.2,2,0,1,0,1,1,0,1,35.0,1
0,0.1632,150.0,,56.6,55.2,0,0,0,0,0,0,0,0,94.0,1
1,0.2486,316.0,58.3,29.7,23.1,0,0,0,0,0,0,0,1,35.0,0
1,0.1196,283.0,33.7,65.4,58.3,0,0,0,0,1,0,0,1,20.0,0
3,0.1488,213.0,48.5,51.3,53.9,0,0,1,0,0,0,0,3,70.0,1
2,0.3229,273.0,20.6,82.8,74.6,1,0,1,1,0,0,0,1,58.0,1
2,0.3707,,52.6,71.1,68.8,0,0,0,0,0,0,0,1,46.0,1
5,0.1585,213.0,48.4,39.1,50.7,1,0,0,0,0,0,0,2,23.0,0
5,0.3941,278.0,41.7,,54.7,0,0,0,0,0,0,0,1,35.0,0
4,0.1915,169.0,,43.7,58.2,1,0,0,0,0,0,0,1,84.0,0
1,0.2163,1002.0,31.2,44.7,85.8,1,0,0,0,0,0,1,1,41.0,0
1,0.4673,494.0,64.7,82.4,48.8,0,0,0,0,1,0,1,5,,1
3,0.3769,334.0,91.4,54.8,50.5,1,0,0,0,1,1,0,4,29.0,1
1,0.3321,526.0,71.4,69.0,43.9,1,0,0,0,1,0,1,1,20.0,1
2,0.6504,95.0,51.4,50.7,38.3,1,0,0,0,0,0,0,1,15.0,0
2,0.1546,69.0,31.6,52.3,66.9,2,0,0,0,0,0,0,1,5.0,0
3,,231.0,27.5,54.5,65.2,0,0,1,0,1,1,0,1,153.0,1
0,0.1357,127.0,44.6,71.6,82.5,1,0,0,1,0,0,0,1,14.0,1
1,0.1864,242.0,39.6,59.7,78.7,0,1,1,1,0,1,0,1,15.0,0
3,0.0662,322.0,29.0,39.1,100.0,1,0,1,0,0,0,0,4,8.0,1
1,0.1913,458.0,,79.3,60.8,0,0,1,0,0,0,1,0,49.0,0
1,0.1589,148.0,,50.6,57.8,1,0,0,0,0,0,1,0,23.0,0
3,0.372,358.0,60.7,48.2,41.2,0,0,0,1,0,1,1,1,21.0,1
1,0.2602,278.0,29.7,12.6,73.1,2,0,0,0,0,1,0,3,28.0,0
3,0.1737,,39.7,64.5,,0,0,0,0,0,1,1,2,50.0,0
3,0.3344,216.0,49.1,56.5,72.4,0,0,0,0,0,0,0,1,19.0,1
2,0.3388,602.0,48.5,56.5,43.8,1,0,0,0,0,1,0,3,7.0,0
1,0.1405,261.0,85.1,49.0,67.6,3,0,0,0,1,0,0,0,,0
5,0.2078,793.0,56.2,46.4,65.3,0,0,1,0,1,0,0,0,10.0,1
2,0.0669,182.0,13.0,49.5,64.2,0,0,0,0,1,0,0,1,42.0,0
1,0.1177,415.0,59.5,61.9,51.1,0,0,1,0,0,0,0,2,66.0,0
2,0.1513,272.0,61.8,,81.0,0,0,1,1,0,0,1,1,89.0,0
1,0.2233,230.0,49.7,51.5,94.8,1,0,0,0,0,0,0,1,7.0,0
2,0.1353,399.0,,69.2,44.2,0,0,0,0,0,0,0,2,51.0,0
0,0.1522,,83.6,53.8,73.5,2,0,0,0,0,0,0,0,15.0,1
4,0.1308,68.0,32.7,,16.0,2,0,1,0,1,0,0,2,395.0,1
3,0.2656,53.0,63.9,58.0,72.7,1,0,1,0,0,0,0,3,106.0,1
